Fecha,Cliente,Region,ProductoID,Producto,Cantidad,PrecioUnitario,Revenue,Cantidad_scaled,PrecioUnitario_scaled,Revenue_Bracket,Order_Size,Revenue_log,Year,Month,Quarter,DayOfWeek,Is_Weekend,Revenue_per_Unit,Region_Norte,Region_Sur,Prod_Audífonos,Prod_Cámaras Web,Prod_Impresoras,Prod_Laptops,Prod_Monitores,Prod_Ratones,Prod_Teclados
2024-10-16,DataCenter,Norte,LAP-001,Laptops,12,340.91,4090.92,0.9539508697077435,-0.7737391586623502,Medium,Large,8.316769576538276,2024,10,4,2,0,340.91,True,False,False,False,False,True,False,False,False
2023-08-17,InnovaCorp,Centro,MON-002,Monitores,11,892.69,9819.59,0.7271437204667204,0.856759923864817,High,Large,9.192236481010088,2023,8,3,3,0,892.69,False,False,False,False,False,False,True,False,False
2024-07-12,DataCenter,Norte,WEB-007,Cámaras Web,1,50.31,50.31,-1.5409277719435113,-1.6324564615410244,Low,Small,3.9378856649538734,2024,7,3,4,0,50.31,True,False,False,True,False,False,False,False,False
2023-08-12,SolucionesYA,Centro,LAP-001,Laptops,9,250.62,2255.58,0.273529421984674,-1.0405443385553836,Medium,Medium,7.721605671773995,2023,8,3,5,1,250.62,False,False,False,False,False,True,False,False,False
2024-10-27,BetaTech,Norte,MOU-004,Ratones,8,713.28,5706.24,0.046722272743650865,0.32660689114126923,Medium,Medium,8.649490823270844,2024,10,4,6,1,713.28,True,False,False,False,False,False,False,True,False
2023-01-07,InnovaCorp,Centro,WEB-007,Cámaras Web,6,344.28,2065.68,-0.40689202573839545,-0.7637808747301372,Low,Medium,7.633698733957165,2023,1,1,5,1,344.28,False,False,False,True,False,False,False,False,False
2023-08-09,AlphaSys,Sur,MON-002,Monitores,2,465.21,930.42,-1.3141206227024882,-0.4064350955246381,Low,Small,6.836710303369054,2023,8,3,2,0,465.21,False,True,False,False,False,False,True,False,False
2024-01-03,AlphaSys,Sur,AUD-005,Audífonos,13,66.49,864.3699999999999,1.1807580189487668,-1.58464487874482,Low,Large,6.763157161139522,2024,1,1,2,0,66.49,False,True,True,False,False,False,False,False,False
2024-04-15,DataCenter,Norte,WEB-007,Cámaras Web,2,669.17,1338.34,-1.3141206227024882,0.19626270590390404,Low,Small,7.199932234295178,2024,4,2,0,0,669.17,True,False,False,True,False,False,False,False,False
2024-10-05,AlphaSys,Sur,MOU-004,Ratones,12,97.42,1169.04,0.9539508697077435,-1.4932473351177127,Low,Large,7.064793215241592,2024,10,4,5,1,97.42,False,True,False,False,False,False,False,True,False
2024-11-08,SolucionesYA,Centro,AUD-005,Audífonos,2,1028.55,2057.1,-1.3141206227024882,1.2582235603723757,Low,Small,7.629538506078414,2024,11,4,4,0,1028.55,False,False,True,False,False,False,False,False,False
2023-04-14,BetaTech,Norte,AUD-005,Audífonos,8,768.29,6146.32,0.046722272743650865,0.4891603626875729,High,Medium,8.723771493466472,2023,4,2,4,0,768.29,True,False,True,False,False,False,False,False,False
2024-01-09,InnovaCorp,Centro,IMP-006,Impresoras,6,263.27,1579.62,-0.40689202573839545,-1.003163836554643,Low,Medium,7.365572454113572,2024,1,1,1,0,263.27,False,False,False,False,True,False,False,False,False
2023-10-01,DataCenter,Norte,TEC-003,Teclados,9,879.02,7911.18,0.273529421984674,0.8163653418608544,High,Medium,8.976158623296545,2023,10,4,6,1,879.02,True,False,False,False,False,False,False,False,True
2023-06-17,GammaRed,Centro,WEB-007,Cámaras Web,5,1187.59,5937.95,-0.6336991749794186,1.728183642443347,High,Medium,8.689287629054675,2023,6,2,5,1,1187.59,False,False,False,True,False,False,False,False,False
2024-10-17,SolucionesYA,Centro,IMP-006,Impresoras,14,925.45,12956.300000000001,1.4075651681897898,0.9535650816153516,High,Large,9.46941461486853,2024,10,4,3,0,925.45,False,False,False,False,True,False,False,False,False
2023-02-27,SolucionesYA,Centro,LAP-001,Laptops,13,388.81,5054.53,1.1807580189487668,-0.6321955977267395,Medium,Large,8.528237972644991,2023,2,1,0,0,388.81,False,False,False,False,False,True,False,False,False
2023-10-02,DataCenter,Norte,MOU-004,Ratones,15,1132.35,16985.25,1.634372317430813,1.564950525406121,High,Large,9.740159472234707,2023,10,4,0,0,1132.35,True,False,False,False,False,False,False,True,False
2023-11-19,SolucionesYA,Centro,ALM-008,Almacenamiento,7,1063.35,7443.449999999999,-0.1800848764973723,1.3610568781293537,High,Medium,8.915224067305262,2023,11,4,6,1,1063.35,False,False,False,False,False,False,False,False,False
2024-10-20,GammaRed,Centro,TEC-003,Teclados,5,180.46,902.3000000000001,-0.6336991749794186,-1.2478657630907164,Low,Medium,6.806054724155798,2024,10,4,6,1,180.46,False,False,False,False,False,False,False,False,True
2024-07-28,MegaStore,Sur,WEB-007,Cámaras Web,15,706.49,10597.35,1.634372317430813,0.3065425742570773,High,Large,9.268453607606466,2024,7,3,6,1,706.49,False,True,False,True,False,False,False,False,False
2024-01-06,SolucionesYA,Centro,TEC-003,Teclados,9,599.82,5398.38,0.273529421984674,-0.008665184511223155,Medium,Medium,8.594039411145825,2024,1,1,5,1,599.82,False,False,False,False,False,False,False,False,True
2023-02-18,DataCenter,Norte,TEC-003,Teclados,11,204.58,2250.38,0.7271437204667204,-1.1765916359557074,Medium,Large,7.719298640519782,2023,2,1,5,1,204.58,True,False,False,False,False,False,False,False,True
2024-11-27,BetaTech,Norte,MON-002,Monitores,7,467.22,3270.54,-0.1800848764973723,-0.4004955849300538,Medium,Medium,8.093016101042322,2024,11,4,2,0,467.21999999999997,True,False,False,False,False,False,True,False,False
2024-04-24,MegaStore,Sur,LAP-001,Laptops,11,869.06,9559.66,0.7271437204667204,0.7869337371235122,High,Large,9.165412041319362,2024,4,2,2,0,869.06,False,True,False,False,False,True,False,False,False
2024-11-29,MegaStore,Sur,IMP-006,Impresoras,2,362.8,725.6,-1.3141206227024882,-0.7090546378088947,Low,Small,6.588376119787101,2024,11,4,4,0,362.8,False,True,False,False,True,False,False,False,False
2023-06-11,GammaRed,Centro,LAP-001,Laptops,12,1052.89,12634.68,0.9539508697077435,1.3301477831943544,High,Large,9.444279837131537,2023,6,2,6,1,1052.89,False,False,False,False,False,True,False,False,False
2023-09-27,InnovaCorp,Centro,MON-002,Monitores,14,755.98,10583.720000000001,1.4075651681897898,0.4527845540212397,High,Large,9.26716673069193,2023,9,3,2,0,755.9800000000001,False,False,False,False,False,False,True,False,False
2024-10-16,SolucionesYA,Centro,TEC-003,Teclados,6,918.58,5511.4800000000005,-0.40689202573839545,0.9332643662995344,Medium,Medium,8.614769891630607,2024,10,4,2,0,918.58,False,False,False,False,False,False,False,False,True
2024-07-06,TecnoShop,Norte,IMP-006,Impresoras,8,38.08,304.64,0.046722272743650865,-1.6685958717757323,Low,Medium,5.722407938779366,2024,7,3,5,1,38.08,True,False,False,False,True,False,False,False,False
2024-01-07,MegaStore,Sur,MOU-004,Ratones,1,300.43,300.43,-1.5409277719435113,-0.8933567650647203,Low,Small,5.708537816740061,2024,1,1,6,1,300.43,False,True,False,False,False,False,False,True,False
2024-08-03,DataCenter,Norte,MON-002,Monitores,12,590.9,7090.799999999999,0.9539508697077435,-0.035023609637437315,High,Large,8.866694466006827,2024,8,3,5,1,590.9,True,False,False,False,False,False,True,False,False
2023-03-12,InnovaCorp,Centro,TEC-003,Teclados,11,578.21,6360.31,0.7271437204667204,-0.07252231085399038,High,Large,8.75798960996703,2023,3,1,6,1,578.21,False,False,False,False,False,False,False,False,True
2024-07-16,InnovaCorp,Centro,AUD-005,Audífonos,9,1048.83,9439.47,0.273529421984674,1.3181505627893733,High,Medium,9.152761046035751,2024,7,3,1,0,1048.83,False,False,True,False,False,False,False,False,False
2024-03-09,SolucionesYA,Centro,MOU-004,Ratones,12,384.38,4612.5599999999995,0.9539508697077435,-0.645286160877987,Medium,Large,8.436755072244544,2024,3,1,5,1,384.37999999999994,False,False,False,False,False,False,False,True,False
2024-11-18,AlphaSys,Sur,ALM-008,Almacenamiento,15,628.33,9424.95,1.634372317430813,0.07558130655922071,High,Large,9.151221802992628,2024,11,4,0,0,628.33,False,True,False,False,False,False,False,False,False
2023-05-04,SolucionesYA,Centro,MOU-004,Ratones,2,415.63,831.26,-1.3141206227024882,-0.5529430235243787,Low,Small,6.724144892003253,2023,5,2,3,0,415.63,False,False,False,False,False,False,False,True,False
2024-08-25,SolucionesYA,Centro,MOU-004,Ratones,1,99.13,99.13,-1.5409277719435113,-1.4881943186417232,Low,Small,4.606469341719712,2024,8,3,6,1,99.13,False,False,False,False,False,False,False,True,False
2024-10-08,TecnoShop,Norte,MOU-004,Ratones,2,1087.92,2175.84,-1.3141206227024882,1.4336607464422553,Medium,Small,7.6856295628974145,2024,10,4,1,0,1087.92,True,False,False,False,False,False,False,True,False
2023-12-05,DataCenter,Norte,MOU-004,Ratones,5,807.74,4038.7,-0.6336991749794186,0.6057343392827681,Medium,Medium,8.303925710772234,2023,12,4,1,0,807.74,True,False,False,False,False,False,False,True,False
2023-08-08,InnovaCorp,Centro,ALM-008,Almacenamiento,4,944.77,3779.08,-0.8605063242204418,1.0106553028528462,Medium,Small,8.237500452410842,2023,8,3,1,0,944.77,False,False,False,False,False,False,False,False,False
2024-02-21,SolucionesYA,Centro,MON-002,Monitores,2,795.89,1591.78,-1.3141206227024882,0.5707178215982798,Low,Small,7.373236196166884,2024,2,1,2,0,795.89,False,False,False,False,False,False,True,False,False
2023-12-29,BetaTech,Norte,WEB-007,Cámaras Web,8,1038.65,8309.2,0.046722272743650865,1.2880688623650622,High,Medium,9.025238954948568,2023,12,4,4,0,1038.65,True,False,False,True,False,False,False,False,False
2023-02-25,DataCenter,Norte,LAP-001,Laptops,7,877.93,6145.509999999999,-0.1800848764973723,0.8131444132299604,High,Medium,8.723639720048235,2023,2,1,5,1,877.93,True,False,False,False,False,True,False,False,False
2023-04-22,SolucionesYA,Centro,MOU-004,Ratones,4,650.5,2602.0,-0.8605063242204418,0.14109322192336443,Medium,Small,7.864419904994565,2023,4,2,5,1,650.5,False,False,False,False,False,False,False,True,False
2023-05-24,BetaTech,Norte,TEC-003,Teclados,5,563.21,2816.05,-0.6336991749794186,-0.11684701678372235,Medium,Medium,7.943445517097626,2023,5,2,2,0,563.21,True,False,False,False,False,False,False,False,True
2023-03-19,GammaRed,Centro,MON-002,Monitores,1,787.79,787.79,-1.5409277719435113,0.5467824803962245,Low,Small,6.6705001257232786,2023,3,1,6,1,787.79,False,False,False,False,False,False,True,False,False
2024-07-07,TecnoShop,Norte,MON-002,Monitores,15,907.98,13619.7,1.634372317430813,0.9019415741091903,High,Large,9.519345973390168,2024,7,3,6,1,907.98,True,False,False,False,False,False,True,False,False
2023-08-31,InnovaCorp,Centro,WEB-007,Cámaras Web,8,585.41,4683.28,0.046722272743650865,-0.05124645200771924,Medium,Medium,8.451967500898526,2023,8,3,3,0,585.41,False,False,False,True,False,False,False,False,False
2024-02-15,TecnoShop,Norte,TEC-003,Teclados,7,17.55,122.85000000000001,-0.1800848764973723,-1.729261619291559,Low,Medium,4.819071155935369,2024,2,1,3,0,17.55,True,False,False,False,False,False,False,False,True
2024-02-04,MegaStore,Sur,ALM-008,Almacenamiento,5,516.26,2581.3,-0.6336991749794186,-0.25558334634378355,Medium,Medium,7.856435753657943,2024,2,1,6,1,516.26,False,True,False,False,False,False,False,False,False
2024-07-23,GammaRed,Centro,TEC-003,Teclados,4,366.6,1466.4,-0.8605063242204418,-0.6978257123066959,Low,Small,7.2912474062798935,2024,7,3,1,0,366.6,False,False,False,False,False,False,False,False,True
2023-03-01,TecnoShop,Norte,IMP-006,Impresoras,1,74.42,74.42,-1.5409277719435113,-1.5612118842099685,Low,Small,4.323072491830211,2023,3,1,2,0,74.42,True,False,False,False,True,False,False,False,False
2024-05-03,InnovaCorp,Centro,LAP-001,Laptops,9,109.93,989.3700000000001,0.273529421984674,-1.4562805303723163,Low,Medium,6.898078610679957,2024,5,2,4,0,109.93,False,False,False,False,False,True,False,False,False
2023-07-10,DataCenter,Norte,MON-002,Monitores,11,1036.26,11398.86,0.7271437204667204,1.2810064592202581,High,Large,9.341356353605423,2023,7,3,0,0,1036.26,True,False,False,False,False,False,True,False,False
2024-02-18,DataCenter,Norte,MOU-004,Ratones,10,719.51,7195.1,0.5003365712256972,0.34501641900408464,High,Medium,8.881294491583095,2024,2,1,6,1,719.51,True,False,False,False,False,False,False,True,False
2024-09-26,DataCenter,Norte,WEB-007,Cámaras Web,11,706.65,7773.15,0.7271437204667204,0.30701537112032773,High,Large,8.958559406312204,2024,9,3,3,0,706.65,True,False,False,True,False,False,False,False,False
2024-06-19,AlphaSys,Sur,AUD-005,Audífonos,4,808.63,3234.52,-0.8605063242204418,0.6083642718345988,Medium,Small,8.081944935903035,2024,6,2,2,0,808.63,False,True,True,False,False,False,False,False,False
2023-11-18,SolucionesYA,Centro,AUD-005,Audífonos,7,170.09,1190.63,-0.1800848764973723,-1.2785089097901379,Low,Medium,7.083077396755847,2023,11,4,5,1,170.09,False,False,True,False,False,False,False,False,False
2024-10-22,MegaStore,Sur,ALM-008,Almacenamiento,6,1115.89,6695.34,-0.40689202573839545,1.5163115480992289,High,Medium,8.809316387463259,2024,10,4,1,0,1115.89,False,True,False,False,False,False,False,False,False
2023-03-16,TecnoShop,Norte,ALM-008,Almacenamiento,10,1198.17,11981.7,0.5003365712256972,1.759447335025785,High,Medium,9.391219221902213,2023,3,1,3,0,1198.17,True,False,False,False,False,False,False,False,False
2023-04-13,DataCenter,Norte,MOU-004,Ratones,9,329.26,2963.34,0.273529421984674,-0.8081646802677754,Medium,Medium,7.994409689688857,2023,4,2,3,0,329.26,True,False,False,False,False,False,False,True,False
2023-12-24,DataCenter,Norte,MOU-004,Ratones,6,352.71,2116.2599999999998,-0.40689202573839545,-0.7388703899976278,Low,Medium,7.657878078898359,2023,12,4,6,1,352.71,True,False,False,False,False,False,False,True,False
2024-03-24,MegaStore,Sur,LAP-001,Laptops,11,983.27,10815.97,0.7271437204667204,1.1244220480724916,High,Large,9.288871476214222,2024,3,1,6,1,983.27,False,True,False,False,False,True,False,False,False
2023-11-03,DataCenter,Norte,TEC-003,Teclados,5,151.78,758.9,-0.6336991749794186,-1.3326146008283641,Low,Medium,6.6331868456757395,2023,11,4,4,0,151.78,True,False,False,False,False,False,False,False,True
2023-04-20,InnovaCorp,Centro,AUD-005,Audífonos,5,731.72,3658.6000000000004,-0.6336991749794186,0.38109672963088653,Medium,Medium,8.205109130805381,2023,4,2,3,0,731.72,False,False,True,False,False,False,False,False,False
2023-12-18,SolucionesYA,Centro,AUD-005,Audífonos,9,593.91,5345.19,0.273529421984674,-0.026129118647537794,Medium,Medium,8.58413943665841,2023,12,4,0,0,593.91,False,False,True,False,False,False,False,False,False
2023-02-22,DataCenter,Norte,WEB-007,Cámaras Web,14,342.87,4800.18,1.4075651681897898,-0.7679473970875319,Medium,Large,8.476617000017253,2023,2,1,2,0,342.87,True,False,False,True,False,False,False,False,False
2023-01-04,AlphaSys,Sur,TEC-003,Teclados,11,1176.06,12936.66,0.7271437204667204,1.69411271848536,High,Large,9.46789771708101,2023,1,1,2,0,1176.06,False,True,False,False,False,False,False,False,True
2023-06-15,GammaRed,Centro,WEB-007,Cámaras Web,9,26.46,238.14000000000001,0.273529421984674,-1.702932743969298,Low,Medium,5.477049154491434,2023,6,2,3,0,26.46,False,False,False,True,False,False,False,False,False
2023-03-19,InnovaCorp,Centro,LAP-001,Laptops,14,452.52,6335.28,1.4075651681897898,-0.4439337967411913,High,Large,8.754047124437019,2023,3,1,6,1,452.52,False,False,False,False,False,True,False,False,False
2024-07-19,InnovaCorp,Centro,WEB-007,Cámaras Web,3,64.57,193.70999999999998,-1.087313473461465,-1.590318441103826,Low,Small,5.27151127212753,2024,7,3,4,0,64.57,False,False,False,True,False,False,False,False,False
2024-01-09,TecnoShop,Norte,IMP-006,Impresoras,4,823.25,3293.0,-0.8605063242204418,0.651566085214111,Medium,Small,8.099857910737585,2024,1,1,1,0,823.25,True,False,False,False,True,False,False,False,False
2024-11-13,DataCenter,Norte,IMP-006,Impresoras,13,678.46,8819.98,1.1807580189487668,0.22371447377638495,High,Large,9.084888253939566,2024,11,4,2,0,678.4599999999999,True,False,False,False,True,False,False,False,False
2024-02-21,InnovaCorp,Centro,MOU-004,Ratones,14,207.56,2905.84,1.4075651681897898,-1.1677857943776675,Medium,Large,7.97482185948446,2024,2,1,2,0,207.56,False,False,False,False,False,False,False,True,False
2023-07-01,BetaTech,Norte,LAP-001,Laptops,3,887.83,2663.4900000000002,-1.087313473461465,0.8423987191435838,Medium,Small,7.887767948680442,2023,7,3,5,1,887.83,True,False,False,False,False,True,False,False,False
2023-12-07,BetaTech,Norte,MOU-004,Ratones,5,203.65,1018.25,-0.6336991749794186,-1.179339767723351,Low,Medium,6.926822341699363,2023,12,4,3,0,203.65,True,False,False,False,False,False,False,True,False
2024-12-19,DataCenter,Norte,WEB-007,Cámaras Web,14,60.89,852.46,1.4075651681897898,-1.6011927689585868,Low,Large,6.749298675289743,2024,12,4,3,0,60.89,True,False,False,True,False,False,False,False,False
2024-04-26,SolucionesYA,Centro,MOU-004,Ratones,14,1103.37,15447.179999999998,1.4075651681897898,1.4793151935498785,High,Large,9.645246476034252,2024,4,2,4,0,1103.37,False,False,False,False,False,False,False,True,False
2023-12-25,MegaStore,Sur,MOU-004,Ratones,4,43.04,172.16,-0.8605063242204418,-1.6539391690149678,Low,Small,5.15421602257378,2023,12,4,0,0,43.04,False,True,False,False,False,False,False,True,False
2023-07-17,BetaTech,Norte,IMP-006,Impresoras,5,1039.26,5196.3,-0.6336991749794186,1.2898714004062044,Medium,Medium,8.555894538953313,2023,7,3,0,0,1039.26,True,False,False,False,True,False,False,False,False
2023-10-13,AlphaSys,Sur,WEB-007,Cámaras Web,11,1177.66,12954.26,0.7271437204667204,1.698840687117865,High,Large,9.469257162266068,2023,10,4,4,0,1177.66,False,True,False,True,False,False,False,False,False
2024-07-03,AlphaSys,Sur,LAP-001,Laptops,2,1054.29,2108.58,-1.3141206227024882,1.3342847557477957,Low,Small,7.654244154523906,2024,7,3,2,0,1054.29,False,True,False,False,False,True,False,False,False
2023-09-25,InnovaCorp,Centro,AUD-005,Audífonos,1,143.46,143.46,-1.5409277719435113,-1.3572000377173887,Low,Small,4.973002652622701,2023,9,3,0,0,143.46,False,False,True,False,False,False,False,False,False
2024-03-20,AlphaSys,Sur,IMP-006,Impresoras,7,733.36,5133.52,-0.1800848764973723,0.3859428974792039,Medium,Medium,8.543741641849383,2024,3,1,2,0,733.36,False,True,False,False,True,False,False,False,False
2024-06-07,DataCenter,Norte,WEB-007,Cámaras Web,15,698.26,10473.9,1.634372317430813,0.282223085603631,High,Large,9.256737198205391,2024,6,2,4,0,698.26,True,False,False,True,False,False,False,False,False
2023-09-18,TecnoShop,Norte,WEB-007,Cámaras Web,1,631.11,631.11,-1.5409277719435113,0.08379615205819763,Low,Small,6.449063429634715,2023,9,3,0,0,631.11,True,False,False,True,False,False,False,False,False
2024-07-05,SolucionesYA,Centro,IMP-006,Impresoras,7,97.92,685.44,-0.1800848764973723,-1.491769844920055,Low,Medium,6.531518821534102,2024,7,3,4,0,97.92,False,False,False,False,True,False,False,False,False
2024-11-11,AlphaSys,Sur,IMP-006,Impresoras,11,1019.9,11218.9,0.7271437204667204,1.232662979952897,High,Large,9.325444266380998,2024,11,4,0,0,1019.9,False,True,False,False,True,False,False,False,False
2023-11-04,MegaStore,Sur,WEB-007,Cámaras Web,6,491.84,2951.04,-0.40689202573839545,-0.3277439675973872,Medium,Medium,7.990251735764062,2023,11,4,5,1,491.84,False,True,False,True,False,False,False,False,False
2023-10-30,InnovaCorp,Centro,MOU-004,Ratones,7,802.94,5620.58,-0.1800848764973723,0.591550433385254,Medium,Medium,8.634368042165669,2023,10,4,0,0,802.9399999999999,False,False,False,False,False,False,False,True,False
2024-01-24,InnovaCorp,Centro,AUD-005,Audífonos,7,664.31,4650.17,-0.1800848764973723,0.18190150118267084,Medium,Medium,8.44487407983541,2024,1,1,2,0,664.3100000000001,False,False,True,False,False,False,False,False,False
2023-01-01,MegaStore,Sur,AUD-005,Audífonos,4,524.42,2097.68,-0.8605063242204418,-0.23147070631800945,Low,Small,7.6490638546491,2023,1,1,6,1,524.42,False,True,True,False,False,False,False,False,False
2024-08-16,AlphaSys,Sur,ALM-008,Almacenamiento,8,538.96,4311.68,0.046722272743650865,-0.18850529137012237,Medium,Medium,8.369314799598996,2024,8,3,4,0,538.96,False,True,False,False,False,False,False,False,False
2023-08-07,GammaRed,Centro,TEC-003,Teclados,11,115.48,1270.28,0.7271437204667204,-1.4398803891783154,Low,Large,7.147779545904381,2023,8,3,0,0,115.48,False,False,False,False,False,False,False,False,True
2024-06-11,AlphaSys,Sur,MON-002,Monitores,14,1143.12,16003.679999999998,1.4075651681897898,1.5967756642636683,High,Large,9.680636458452133,2024,6,2,1,0,1143.12,False,True,False,False,False,False,True,False,False
2023-08-29,MegaStore,Sur,MOU-004,Ratones,13,250.97,3262.61,1.1807580189487668,-1.039510095417023,Medium,Large,8.090589223650944,2023,8,3,1,0,250.97,False,True,False,False,False,False,False,True,False
2023-01-26,TecnoShop,Norte,MOU-004,Ratones,8,739.36,5914.88,0.046722272743650865,0.4036727798510967,High,Medium,8.685395539649308,2023,1,1,3,0,739.36,True,False,False,False,False,False,False,True,False
2023-03-16,GammaRed,Centro,WEB-007,Cámaras Web,15,761.27,11419.05,1.634372317430813,0.4684164003124584,High,Large,9.343125861484129,2023,3,1,3,0,761.27,False,False,False,True,False,False,False,False,False
2023-07-19,BetaTech,Norte,ALM-008,Almacenamiento,7,304.12,2128.84,-0.1800848764973723,-0.8824528874060061,Low,Medium,7.6638021385111275,2023,7,3,2,0,304.12,True,False,False,False,False,False,False,False,False
2024-11-02,TecnoShop,Norte,MON-002,Monitores,13,518.8,6744.4,1.1807580189487668,-0.2480776961396824,High,Large,8.816616070071039,2024,11,4,5,1,518.8,True,False,False,False,False,False,True,False,False
2023-06-30,GammaRed,Centro,LAP-001,Laptops,9,310.3,2792.7000000000003,0.273529421984674,-0.8641911085629566,Medium,Medium,7.935122161110002,2023,6,2,4,0,310.3,False,False,False,False,False,True,False,False,False
2023-05-05,GammaRed,Centro,TEC-003,Teclados,13,565.6,7352.8,1.1807580189487668,-0.10978461363891844,High,Large,8.902972465407633,2023,5,2,4,0,565.6,False,False,False,False,False,False,False,False,True
2024-06-27,AlphaSys,Sur,ALM-008,Almacenamiento,10,980.78,9807.8,0.5003365712256972,1.117064146888156,High,Medium,9.191035220918177,2024,6,2,3,0,980.78,False,True,False,False,False,False,False,False,False
2024-05-31,BetaTech,Norte,ALM-008,Almacenamiento,15,203.6,3054.0,1.634372317430813,-1.1794875167431167,Medium,Large,8.024534871605695,2024,5,2,4,0,203.6,True,False,False,False,False,False,False,False,False
2024-05-01,GammaRed,Centro,AUD-005,Audífonos,13,307.98,4003.7400000000002,1.1807580189487668,-0.8710466630800885,Medium,Large,8.295233938543705,2024,5,2,2,0,307.98,False,False,True,False,False,False,False,False,False
2024-10-14,MegaStore,Sur,ALM-008,Almacenamiento,11,298.51,3283.6099999999997,0.7271437204667204,-0.899030327423726,Medium,Large,8.097003202409573,2024,10,4,0,0,298.51,False,True,False,False,False,False,False,False,False
2024-03-26,DataCenter,Norte,AUD-005,Audífonos,4,336.98,1347.92,-0.8605063242204418,-0.7853522316159399,Low,Small,7.207059551261706,2024,3,1,1,0,336.98,True,False,True,False,False,False,False,False,False
2023-11-24,DataCenter,Norte,TEC-003,Teclados,3,289.04,867.1200000000001,-1.087313473461465,-0.9270139917673633,Low,Small,6.766329953952785,2023,11,4,4,0,289.04,True,False,False,False,False,False,False,False,True
2024-12-11,InnovaCorp,Centro,MOU-004,Ratones,2,506.62,1013.24,-1.3141206227024882,-0.2840693573546246,Low,Small,6.921894842535856,2024,12,4,2,0,506.62,False,False,False,False,False,False,False,True,False
2023-12-05,GammaRed,Centro,WEB-007,Cámaras Web,1,260.1,260.1,-1.5409277719435113,-1.0125311244077928,Low,Small,5.5649034757050835,2023,12,4,1,0,260.1,False,False,False,True,False,False,False,False,False
2024-03-06,BetaTech,Norte,LAP-001,Laptops,14,1058.58,14820.119999999999,1.4075651681897898,1.346961621643699,High,Large,9.603808469543798,2024,3,1,2,0,1058.58,True,False,False,False,False,True,False,False,False
2024-08-12,BetaTech,Norte,ALM-008,Almacenamiento,1,1132.15,1132.15,-1.5409277719435113,1.5643595293270582,Low,Small,7.032756644144939,2024,8,3,0,0,1132.15,True,False,False,False,False,False,False,False,False
2023-11-02,BetaTech,Norte,WEB-007,Cámaras Web,9,900.81,8107.289999999999,0.273529421984674,0.8807543646747782,High,Medium,9.000642274075824,2023,11,4,3,0,900.81,True,False,False,True,False,False,False,False,False
2024-07-13,SolucionesYA,Centro,ALM-008,Almacenamiento,4,338.43,1353.72,-0.8605063242204418,-0.7810675100427326,Low,Small,7.211350069893967,2024,7,3,5,1,338.43,False,False,False,False,False,False,False,False,False
2024-05-12,TecnoShop,Norte,WEB-007,Cámaras Web,6,807.62,4845.72,-0.40689202573839545,0.6053797416353303,Medium,Medium,8.486057466485404,2024,5,2,6,1,807.62,True,False,False,True,False,False,False,False,False
2024-02-19,InnovaCorp,Centro,ALM-008,Almacenamiento,15,166.24,2493.6000000000004,1.634372317430813,-1.2898855843121024,Medium,Large,7.821883674691609,2024,2,1,0,0,166.24000000000004,False,False,False,False,False,False,False,False,False
2024-09-29,TecnoShop,Norte,WEB-007,Cámaras Web,10,683.8,6838.0,0.5003365712256972,0.23949406908736928,High,Medium,8.830396801098097,2024,9,3,6,1,683.8,True,False,False,True,False,False,False,False,False
2023-01-28,DataCenter,Norte,WEB-007,Cámaras Web,3,1042.22,3126.66,-1.087313473461465,1.2986181423763383,Medium,Small,8.048040400105227,2023,1,1,5,1,1042.22,True,False,False,True,False,False,False,False,False
2023-07-06,TecnoShop,Norte,AUD-005,Audífonos,7,402.91,2820.3700000000003,-0.1800848764973723,-0.5905303741527914,Medium,Medium,7.944977861564802,2023,7,3,3,0,402.91,True,False,True,False,False,False,False,False,False
2024-04-10,AlphaSys,Sur,IMP-006,Impresoras,13,1057.37,13745.809999999998,1.1807580189487668,1.3433860953653671,High,Large,9.528562076178554,2024,4,2,2,0,1057.37,False,True,False,False,True,False,False,False,False
2023-10-12,BetaTech,Norte,AUD-005,Audífonos,14,112.06,1568.8400000000001,1.4075651681897898,-1.4499864221302943,Low,Large,7.358728982321067,2023,10,4,3,0,112.06000000000002,True,False,True,False,False,False,False,False,False
2023-01-20,TecnoShop,Norte,IMP-006,Impresoras,4,785.42,3141.68,-0.8605063242204418,0.5397791768593269,Medium,Small,8.052831218060286,2023,1,1,4,0,785.42,True,False,False,False,True,False,False,False,False
2024-10-29,TecnoShop,Norte,LAP-001,Laptops,4,251.24,1004.96,-0.8605063242204418,-1.038712250710288,Low,Small,6.913697588437766,2024,10,4,1,0,251.24,True,False,False,False,False,True,False,False,False
2023-01-21,InnovaCorp,Centro,MOU-004,Ratones,3,576.17,1728.5099999999998,-1.087313473461465,-0.07855047086043417,Low,Small,7.455593410378432,2023,1,1,5,1,576.17,False,False,False,False,False,False,False,True,False
2023-04-28,SolucionesYA,Centro,ALM-008,Almacenamiento,12,318.65,3823.7999999999997,0.9539508697077435,-0.8395170222620726,Medium,Large,8.249261457311894,2023,4,2,4,0,318.65,False,False,False,False,False,False,False,False,False
2024-01-13,InnovaCorp,Centro,MON-002,Monitores,13,985.87,12816.31,1.1807580189487668,1.1321049971003119,High,Large,9.458551880064467,2024,1,1,5,1,985.87,False,False,False,False,False,False,True,False,False
2023-11-15,DataCenter,Norte,LAP-001,Laptops,15,384.67,5770.05,1.634372317430813,-0.6444292165633455,High,Large,8.660609318683138,2023,11,4,2,0,384.67,True,False,False,False,False,True,False,False,False
2024-11-24,BetaTech,Norte,WEB-007,Cámaras Web,12,250.02,3000.2400000000002,0.9539508697077435,-1.042317326792573,Medium,Large,8.00678081558489,2024,11,4,6,1,250.02,True,False,False,True,False,False,False,False,False
2024-08-29,SolucionesYA,Centro,MON-002,Monitores,12,930.39,11164.68,0.9539508697077435,0.9681626847682098,High,Large,9.320600067032277,2024,8,3,3,0,930.39,False,False,False,False,False,False,True,False,False
2024-12-01,DataCenter,Norte,LAP-001,Laptops,6,646.3,3877.7999999999997,-0.40689202573839545,0.12868230426303937,Medium,Medium,8.26328110643039,2024,12,4,6,1,646.3,True,False,False,False,False,True,False,False,False
2024-11-08,AlphaSys,Sur,MON-002,Monitores,9,782.34,7041.06,0.273529421984674,0.5306778372417554,High,Medium,8.859656019985431,2024,11,4,4,0,782.34,False,True,False,False,False,False,True,False,False
2023-01-13,BetaTech,Norte,ALM-008,Almacenamiento,2,528.73,1057.46,-1.3141206227024882,-0.21873474081419964,Low,Small,6.964570300536369,2023,1,1,4,0,528.73,True,False,False,False,False,False,False,False,False
2024-01-06,GammaRed,Centro,TEC-003,Teclados,7,223.72,1566.04,-0.1800848764973723,-1.1200333111893694,Low,Medium,7.356943768513952,2024,1,1,5,1,223.72,False,False,False,False,False,False,False,False,True
2024-06-18,MegaStore,Sur,ALM-008,Almacenamiento,8,531.16,4249.28,0.046722272743650865,-0.2115541384535832,Medium,Medium,8.354740142101257,2024,6,2,1,0,531.16,False,True,False,False,False,False,False,False,False
2024-08-29,MegaStore,Sur,IMP-006,Impresoras,14,305.91,4282.740000000001,1.4075651681897898,-0.8771634724983914,Medium,Large,8.362581738782826,2024,8,3,3,0,305.91,False,True,False,False,True,False,False,False,False
2023-03-30,MegaStore,Sur,ALM-008,Almacenamiento,4,904.31,3617.24,-0.8605063242204418,0.8910967960583823,Medium,Small,8.193742998746881,2023,3,1,3,0,904.31,False,True,False,False,False,False,False,False,False
2024-08-06,BetaTech,Norte,IMP-006,Impresoras,1,600.75,600.75,-1.5409277719435113,-0.0059170527435799215,Low,Small,6.399842076663181,2024,8,3,1,0,600.75,True,False,False,False,True,False,False,False,False
2023-11-29,InnovaCorp,Centro,ALM-008,Almacenamiento,4,435.47,1741.88,-0.8605063242204418,-0.49431621248131985,Low,Small,7.463294196334135,2023,11,4,2,0,435.47,False,False,False,False,False,False,False,False,False
2023-09-22,AlphaSys,Sur,AUD-005,Audífonos,15,721.44,10821.6,1.634372317430813,0.3507195311670437,High,Large,9.289391819282686,2023,9,3,4,0,721.44,False,True,True,False,False,False,False,False,False
2023-10-10,TecnoShop,Norte,MOU-004,Ratones,2,301.01,602.02,-1.3141206227024882,-0.8916428764354373,Low,Small,6.40195036367301,2023,10,4,1,0,301.01,True,False,False,False,False,False,False,True,False
2024-02-21,GammaRed,Centro,MOU-004,Ratones,12,579.17,6950.039999999999,0.9539508697077435,-0.06968552967448777,High,Large,8.846646567651616,2024,2,1,2,0,579.17,False,False,False,False,False,False,False,True,False
2024-12-29,GammaRed,Centro,ALM-008,Almacenamiento,13,35.43,460.59,1.1807580189487668,-1.6764265698233185,Low,Large,6.134677051181064,2024,12,4,6,1,35.43,False,False,False,False,False,False,False,False,False
2023-10-29,SolucionesYA,Centro,WEB-007,Cámaras Web,12,303.32,3639.84,0.9539508697077435,-0.8848168717222585,Medium,Large,8.199969703238432,2023,10,4,6,1,303.32,False,False,False,True,False,False,False,False,False
2024-11-10,AlphaSys,Sur,ALM-008,Almacenamiento,9,644.14,5797.26,0.273529421984674,0.12229954660915805,High,Medium,8.665313151525508,2024,11,4,6,1,644.14,False,True,False,False,False,False,False,False,False
2024-03-11,AlphaSys,Sur,IMP-006,Impresoras,12,552.69,6632.280000000001,0.9539508697077435,-0.147933410542441,High,Large,8.799854681811146,2024,3,1,0,0,552.69,False,True,False,False,True,False,False,False,False
2023-11-10,MegaStore,Sur,MOU-004,Ratones,2,869.72,1739.44,-1.3141206227024882,0.7888840241844207,Low,Small,7.461893233804663,2023,11,4,4,0,869.72,False,True,False,False,False,False,False,True,False
2023-11-20,DataCenter,Norte,TEC-003,Teclados,4,271.42,1085.68,-0.8605063242204418,-0.9790807463328218,Low,Small,6.990882455556019,2023,11,4,0,0,271.42,True,False,False,False,False,False,False,False,True
2024-05-10,MegaStore,Sur,AUD-005,Audífonos,2,1001.66,2003.32,-1.3141206227024882,1.178764137542343,Low,Small,7.603060130095882,2024,5,2,4,0,1001.66,False,True,True,False,False,False,False,False,False
2023-10-31,SolucionesYA,Centro,IMP-006,Impresoras,3,373.19,1119.57,-1.087313473461465,-0.678352391501567,Low,Small,7.021592763400346,2023,10,4,1,0,373.19,False,False,False,False,True,False,False,False,False
2024-12-26,InnovaCorp,Centro,AUD-005,Audífonos,1,1169.54,1169.54,-1.5409277719435113,1.674846246307903,Low,Small,7.065220459777225,2024,12,4,3,0,1169.54,False,False,True,False,False,False,False,False,False
2024-07-20,MegaStore,Sur,TEC-003,Teclados,11,1044.13,11485.43,0.7271437204667204,1.304262154931391,High,Large,9.348921617603178,2024,7,3,5,1,1044.13,False,True,False,False,False,False,False,False,True
2024-05-17,DataCenter,Norte,LAP-001,Laptops,10,351.94,3519.4,0.5003365712256972,-0.7411457249020207,Medium,Medium,8.166329898499656,2024,5,2,4,0,351.94,True,False,False,False,False,True,False,False,False
2024-05-05,GammaRed,Centro,IMP-006,Impresoras,3,1159.11,3477.33,-1.087313473461465,1.6440258007847626,Medium,Small,8.154307572529364,2024,5,2,6,1,1159.11,False,False,False,False,True,False,False,False,False
2023-09-16,GammaRed,Centro,MON-002,Monitores,14,92.43,1294.02,1.4075651681897898,-1.5079926872903369,Low,Large,7.166281418029825,2023,9,3,5,1,92.42999999999999,False,False,False,False,False,False,True,False,False
2024-05-18,DataCenter,Norte,LAP-001,Laptops,3,191.8,575.4000000000001,-1.087313473461465,-1.2143562854078391,Low,Small,6.356801864125368,2024,5,2,5,1,191.80000000000004,True,False,False,False,False,True,False,False,False
2024-07-30,MegaStore,Sur,MON-002,Monitores,4,155.37,621.48,-0.8605063242204418,-1.3220062212091814,Low,Small,6.433711499308675,2024,7,3,1,0,155.37,False,True,False,False,False,False,True,False,False
2024-03-02,SolucionesYA,Centro,WEB-007,Cámaras Web,8,1091.58,8732.64,0.046722272743650865,1.4444759746891094,High,Medium,9.074937514968395,2024,3,1,5,1,1091.58,False,False,False,True,False,False,False,False,False
2023-11-01,BetaTech,Norte,AUD-005,Audífonos,10,750.92,7509.2,0.5003365712256972,0.43783235322094327,High,Medium,8.924017375562032,2023,11,4,2,0,750.92,True,False,True,False,False,False,False,False,False
2024-09-16,DataCenter,Norte,MOU-004,Ratones,11,265.06,2915.66,0.7271437204667204,-0.9978744216470282,Medium,Large,7.978194404966652,2024,9,3,0,0,265.06,True,False,False,False,False,False,False,True,False
2024-11-07,DataCenter,Norte,TEC-003,Teclados,4,220.97,883.88,-0.8605063242204418,-1.128159507276487,Low,Small,6.785452042593999,2024,11,4,3,0,220.97,True,False,False,False,False,False,False,False,True
2023-03-18,InnovaCorp,Centro,LAP-001,Laptops,7,548.85,3841.9500000000003,-0.1800848764973723,-0.15928053526045247,Medium,Medium,8.253995579811455,2023,3,1,5,1,548.85,False,False,False,False,False,True,False,False,False
2024-08-31,GammaRed,Centro,AUD-005,Audífonos,1,289.3,289.3,-1.5409277719435113,-0.9262456968645814,Low,Small,5.670914871030584,2024,8,3,5,1,289.3,False,False,True,False,False,False,False,False,False
2024-12-24,MegaStore,Sur,ALM-008,Almacenamiento,2,829.55,1659.1,-1.3141206227024882,0.6701824617045983,Low,Small,7.414633120500031,2024,12,4,1,0,829.55,False,True,False,False,False,False,False,False,False
2023-09-28,SolucionesYA,Centro,WEB-007,Cámaras Web,2,660.31,1320.62,-1.3141206227024882,0.170081579601409,Low,Small,7.186613535824121,2023,9,3,3,0,660.31,False,False,False,True,False,False,False,False,False
2024-10-25,InnovaCorp,Centro,AUD-005,Audífonos,14,183.55,2569.7000000000003,1.4075651681897898,-1.2387348736691917,Medium,Large,7.851933514343183,2024,10,4,4,0,183.55,False,False,True,False,False,False,False,False,False
2023-03-03,InnovaCorp,Centro,AUD-005,Audífonos,10,902.51,9025.1,0.5003365712256972,0.8857778313468146,High,Medium,9.107875659430382,2023,3,1,4,0,902.51,False,False,True,False,False,False,False,False,False
2024-08-05,MegaStore,Sur,ALM-008,Almacenamiento,2,570.41,1140.82,-1.3141206227024882,-0.09557115793745122,Low,Small,7.040378759579239,2024,8,3,0,0,570.41,False,True,False,False,False,False,False,False,False
2023-11-08,BetaTech,Norte,AUD-005,Audífonos,9,654.88,5893.92,0.273529421984674,0.15403603605484617,High,Medium,8.681846242056656,2023,11,4,2,0,654.88,True,False,True,False,False,False,False,False,False
2024-03-24,DataCenter,Norte,LAP-001,Laptops,15,526.95,7904.250000000001,1.634372317430813,-0.22399460591786108,High,Large,8.975282374696942,2024,3,1,6,1,526.95,True,False,False,False,False,True,False,False,False
2023-11-27,MegaStore,Sur,LAP-001,Laptops,2,286.28,572.56,-1.3141206227024882,-0.9351697376584341,Low,Small,6.351862551846838,2023,11,4,0,0,286.28,False,True,False,False,False,True,False,False,False
2024-11-21,TecnoShop,Norte,AUD-005,Audífonos,10,62.67,626.7,0.5003365712256972,-1.5959329038549253,Low,Medium,6.442062345323486,2024,11,4,3,0,62.67,True,False,True,False,False,False,False,False,False
2023-06-29,GammaRed,Centro,ALM-008,Almacenamiento,15,344.62,5169.3,1.634372317430813,-0.7627761813957299,Medium,Large,8.550685992898273,2023,6,2,3,0,344.62,False,False,False,False,False,False,False,False,False
2024-08-22,BetaTech,Norte,ALM-008,Almacenamiento,2,571.96,1143.92,-1.3141206227024882,-0.09099093832471204,Low,Small,7.043090044551755,2024,8,3,3,0,571.96,True,False,False,False,False,False,False,False,False
2024-02-23,AlphaSys,Sur,IMP-006,Impresoras,11,138.95,1528.4499999999998,0.7271437204667204,-1.3705269993002616,Low,Large,7.332663472634908,2024,2,1,4,0,138.95,False,True,False,False,True,False,False,False,False
2023-06-14,AlphaSys,Sur,WEB-007,Cámaras Web,12,602.13,7225.5599999999995,0.9539508697077435,-0.001839179798044594,High,Large,8.88551840662894,2023,6,2,2,0,602.13,False,True,False,True,False,False,False,False,False
2024-11-09,BetaTech,Norte,LAP-001,Laptops,8,119.35,954.8,0.046722272743650865,-1.4284446150484444,Low,Medium,6.862548686144057,2024,11,4,5,1,119.35,True,False,False,False,False,True,False,False,False
2023-09-16,AlphaSys,Sur,MON-002,Monitores,13,493.95,6421.349999999999,1.1807580189487668,-0.3215089589632716,High,Large,8.767539373320094,2023,9,3,5,1,493.94999999999993,False,True,False,False,False,False,True,False,False
2024-06-10,TecnoShop,Norte,ALM-008,Almacenamiento,7,79.23,554.61,-0.1800848764973723,-1.546998428508501,Low,Medium,6.3200666092783315,2024,6,2,0,0,79.23,True,False,False,False,False,False,False,False,False
2024-06-14,AlphaSys,Sur,ALM-008,Almacenamiento,11,538.82,5927.02,0.7271437204667204,-0.1889189886254665,High,Large,8.687445540789394,2024,6,2,4,0,538.82,False,True,False,False,False,False,False,False,False
2023-02-22,SolucionesYA,Centro,AUD-005,Audífonos,9,170.25,1532.25,0.273529421984674,-1.2780361129268873,Low,Medium,7.3351449445060934,2023,2,1,2,0,170.25,False,False,True,False,False,False,False,False,False
2023-10-22,GammaRed,Centro,ALM-008,Almacenamiento,2,49.21,98.42,-1.3141206227024882,-1.6357069399758712,Low,Small,4.599353300666527,2023,10,4,6,1,49.21,False,False,False,False,False,False,False,False,False
2024-10-07,SolucionesYA,Centro,TEC-003,Teclados,5,667.74,3338.7,-0.6336991749794186,0.19203708393860308,Medium,Medium,8.113636261577374,2024,10,4,0,0,667.74,False,False,False,False,False,False,False,False,True
2024-07-19,BetaTech,Norte,MON-002,Monitores,4,1190.82,4763.28,-0.8605063242204418,1.737728229120216,Medium,Small,8.468901702887438,2024,7,3,4,0,1190.82,True,False,False,False,False,False,True,False,False
2023-04-27,GammaRed,Centro,MON-002,Monitores,11,1001.09,11011.99,0.7271437204667204,1.1770797987170132,High,Large,9.306830764146735,2023,4,2,3,0,1001.09,False,False,False,False,False,False,True,False,False
2024-05-25,MegaStore,Sur,AUD-005,Audífonos,7,1004.15,7029.05,-0.1800848764973723,1.1861220387266784,High,Medium,8.85794909715495,2024,5,2,5,1,1004.15,False,True,True,False,False,False,False,False,False
2024-04-28,SolucionesYA,Centro,ALM-008,Almacenamiento,9,186.4,1677.6000000000001,0.273529421984674,-1.2303131795425428,Low,Medium,7.425715391648727,2024,4,2,6,1,186.4,False,False,False,False,False,False,False,False,False
2023-07-15,InnovaCorp,Centro,MON-002,Monitores,5,930.62,4653.1,-0.6336991749794186,0.9688423302591324,Medium,Medium,8.445503830524393,2023,7,3,5,1,930.6200000000001,False,False,False,False,False,False,True,False,False
2024-02-29,AlphaSys,Sur,AUD-005,Audífonos,14,18.04,252.56,1.4075651681897898,-1.7278136788978544,Low,Large,5.535600481415965,2024,2,1,3,0,18.04,False,True,True,False,False,False,False,False,False
2023-11-02,GammaRed,Centro,TEC-003,Teclados,8,653.22,5225.76,0.046722272743650865,0.1491307685986226,Medium,Medium,8.561546862219709,2023,11,4,3,0,653.22,False,False,False,False,False,False,False,False,True
2023-12-20,AlphaSys,Sur,WEB-007,Cámaras Web,8,1120.43,8963.44,0.046722272743650865,1.529727159093961,High,Medium,9.101020918945986,2023,12,4,2,0,1120.43,False,True,False,True,False,False,False,False,False
2023-07-13,SolucionesYA,Centro,WEB-007,Cámaras Web,4,1029.38,4117.52,-0.8605063242204418,1.260676194100488,Medium,Small,8.323249154506456,2023,7,3,3,0,1029.38,False,False,False,True,False,False,False,False,False
2024-02-25,TecnoShop,Norte,IMP-006,Impresoras,12,575.48,6905.76,0.9539508697077435,-0.08058940733320166,High,Large,8.840255921127516,2024,2,1,6,1,575.48,True,False,False,False,True,False,False,False,False
2024-01-26,BetaTech,Norte,TEC-003,Teclados,8,1158.32,9266.56,0.046722272743650865,1.6416913662724635,High,Medium,9.134275409241857,2024,1,1,4,0,1158.32,True,False,False,False,False,False,False,False,True
2023-05-10,AlphaSys,Sur,MON-002,Monitores,14,1016.37,14229.18,1.4075651681897898,1.2222318991574335,High,Large,9.563120340336292,2023,5,2,2,0,1016.37,False,True,False,False,False,False,True,False,False
2023-04-13,GammaRed,Centro,LAP-001,Laptops,12,185.82,2229.84,0.9539508697077435,-1.2320270681718257,Medium,Large,7.710133475141806,2023,4,2,3,0,185.82000000000002,False,False,False,False,False,True,False,False,False
2024-11-01,InnovaCorp,Centro,MON-002,Monitores,8,941.11,7528.88,0.046722272743650865,0.9998400746059917,High,Medium,8.926634384411976,2024,11,4,4,0,941.11,False,False,False,False,False,False,True,False,False
2023-09-29,AlphaSys,Sur,WEB-007,Cámaras Web,11,110.17,1211.8700000000001,0.7271437204667204,-1.4555713350774404,Low,Large,7.100744730900606,2023,9,3,4,0,110.17000000000002,False,True,False,True,False,False,False,False,False
2023-12-03,BetaTech,Norte,IMP-006,Impresoras,11,866.68,9533.48,0.7271437204667204,0.7799008837826614,High,Large,9.162669980627088,2023,12,4,6,1,866.68,True,False,False,False,True,False,False,False,False
2024-05-14,TecnoShop,Norte,MON-002,Monitores,4,762.93,3051.72,-0.8605063242204418,0.473321667768682,Medium,Small,8.023788275459864,2024,5,2,1,0,762.93,True,False,False,False,False,False,True,False,False
2023-10-22,SolucionesYA,Centro,MON-002,Monitores,7,1174.33,8220.31,-0.1800848764973723,1.689000602401464,High,Medium,9.014484842749185,2023,10,4,6,1,1174.33,False,False,False,False,False,False,True,False,False
2024-10-10,DataCenter,Norte,ALM-008,Almacenamiento,3,837.39,2512.17,-1.087313473461465,0.6933495080038716,Medium,Small,7.829300183484762,2024,10,4,3,0,837.39,True,False,False,False,False,False,False,False,False
2023-01-30,TecnoShop,Norte,IMP-006,Impresoras,13,81.5,1059.5,1.1807580189487668,-1.5402906230111348,Low,Large,6.966495774004737,2023,1,1,0,0,81.5,True,False,False,False,True,False,False,False,False
2024-01-03,AlphaSys,Sur,WEB-007,Cámaras Web,3,304.37,913.11,-1.087313473461465,-0.8817141423071773,Low,Small,6.817950914322066,2024,1,1,2,0,304.37,False,True,False,True,False,False,False,False,False
2024-02-26,InnovaCorp,Centro,TEC-003,Teclados,3,108.58,325.74,-1.087313473461465,-1.4602697539059921,Low,Small,5.789164747598362,2024,2,1,0,0,108.58,False,False,False,False,False,False,False,False,True
2024-01-27,SolucionesYA,Centro,ALM-008,Almacenamiento,15,706.04,10590.599999999999,1.634372317430813,0.30521283307918523,High,Large,9.267816513113246,2024,1,1,5,1,706.0399999999998,False,False,False,False,False,False,False,False,False
2023-08-26,GammaRed,Centro,AUD-005,Audífonos,8,317.56,2540.48,0.046722272743650865,-0.8427379508929663,Medium,Medium,7.84050186748751,2023,8,3,5,1,317.56,False,False,True,False,False,False,False,False,False
2023-01-10,GammaRed,Centro,AUD-005,Audífonos,11,662.72,7289.92,0.7271437204667204,0.1772030823541195,High,Large,8.894385017314468,2023,1,1,1,0,662.72,False,False,True,False,False,False,False,False,False
2023-03-17,GammaRed,Centro,IMP-006,Impresoras,10,369.5,3695.0,0.5003365712256972,-0.6892562691602812,Medium,Medium,8.215006432761575,2023,3,1,4,0,369.5,False,False,False,False,True,False,False,False,False
2024-03-10,MegaStore,Sur,ALM-008,Almacenamiento,14,373.01,5222.139999999999,1.4075651681897898,-0.6788842879727238,Medium,Large,8.56085403259554,2024,3,1,6,1,373.00999999999993,False,True,False,False,False,False,False,False,False
2024-01-29,GammaRed,Centro,MON-002,Monitores,4,466.92,1867.68,-0.8605063242204418,-0.4013820790486485,Low,Small,7.532987578243441,2024,1,1,0,0,466.92,False,False,False,False,False,False,True,False,False
2024-01-03,MegaStore,Sur,AUD-005,Audífonos,1,1173.86,1173.86,-1.5409277719435113,1.6876117616156656,Low,Small,7.068904270543291,2024,1,1,2,0,1173.86,False,True,True,False,False,False,False,False,False
2024-11-05,BetaTech,Norte,AUD-005,Audífonos,1,685.63,685.63,-1.5409277719435113,0.2449016832107967,Low,Small,6.531795573631538,2024,11,4,1,0,685.63,True,False,True,False,False,False,False,False,False
2024-12-03,TecnoShop,Norte,ALM-008,Almacenamiento,14,1086.42,15209.880000000001,1.4075651681897898,1.429228275849282,High,Large,9.629766240252946,2024,12,4,1,0,1086.42,True,False,False,False,False,False,False,False,False
2023-10-21,SolucionesYA,Centro,IMP-006,Impresoras,4,769.39,3077.56,-0.8605063242204418,0.49241084112242,Medium,Small,8.032217234172705,2023,10,4,5,1,769.39,False,False,False,False,True,False,False,False,False
2024-09-27,MegaStore,Sur,TEC-003,Teclados,11,130.14,1431.54,0.7271437204667204,-1.3965603765829908,Low,Large,7.267204371410219,2024,9,3,4,0,130.14,False,True,False,False,False,False,False,False,True
2024-10-04,TecnoShop,Norte,AUD-005,Audífonos,13,537.38,6985.94,1.1807580189487668,-0.19317416039472093,High,Large,8.851797971139023,2024,10,4,4,0,537.38,True,False,True,False,False,False,False,False,False
2024-08-16,AlphaSys,Sur,TEC-003,Teclados,2,1092.91,2185.82,-1.3141206227024882,1.4484060986148795,Medium,Small,7.690203712762815,2024,8,3,4,0,1092.91,False,True,False,False,False,False,False,False,True
2023-12-01,BetaTech,Norte,TEC-003,Teclados,4,171.61,686.44,-0.8605063242204418,-1.2740173395892584,Low,Small,6.532974553004967,2023,12,4,4,0,171.61,True,False,False,False,False,False,False,False,True
2024-07-06,AlphaSys,Sur,AUD-005,Audífonos,14,209.99,2939.86,1.4075651681897898,-1.1606051920170508,Medium,Large,7.986457334564772,2024,7,3,5,1,209.99,False,True,True,False,False,False,False,False,False
2024-05-08,MegaStore,Sur,IMP-006,Impresoras,13,151.48,1969.2399999999998,1.1807580189487668,-1.3335010949469586,Low,Large,7.585910641722845,2024,5,2,2,0,151.48,False,True,False,False,True,False,False,False,False
2023-03-19,InnovaCorp,Centro,MOU-004,Ratones,14,816.44,11430.16,1.4075651681897898,0.6314426687220128,High,Large,9.344098238953453,2023,3,1,6,1,816.4399999999999,False,False,False,False,False,False,False,True,False
2024-11-21,BetaTech,Norte,IMP-006,Impresoras,2,951.96,1903.92,-1.3141206227024882,1.0319016118951645,Low,Small,7.552195291928341,2024,11,4,3,0,951.96,True,False,False,False,True,False,False,False,False
2023-01-15,MegaStore,Sur,MON-002,Monitores,8,451.77,3614.16,0.046722272743650865,-0.4461500320376779,Medium,Medium,8.192891393641082,2023,1,1,6,1,451.77,False,True,False,False,False,False,True,False,False
2024-11-19,MegaStore,Sur,WEB-007,Cámaras Web,14,771.68,10803.519999999999,1.4075651681897898,0.4991777462276923,High,Large,9.287719844076381,2024,11,4,1,0,771.68,False,True,False,True,False,False,False,False,False
2024-01-16,DataCenter,Norte,MOU-004,Ratones,8,44.65,357.2,0.046722272743650865,-1.64918165057851,Low,Medium,5.881091489626612,2024,1,1,1,0,44.65,True,False,False,False,False,False,False,True,False
2024-07-28,AlphaSys,Sur,MOU-004,Ratones,11,89.91,989.01,0.7271437204667204,-1.515439237886532,Low,Large,6.897715044087722,2024,7,3,6,1,89.91,False,True,False,False,False,False,False,True,False
2024-04-20,MegaStore,Sur,WEB-007,Cámaras Web,2,180.64,361.28,-1.3141206227024882,-1.2473338666195597,Low,Small,5.892417393506747,2024,4,2,5,1,180.64,False,True,False,True,False,False,False,False,False
2023-02-08,MegaStore,Sur,ALM-008,Almacenamiento,2,130.17,260.34,-1.3141206227024882,-1.3964717271711313,Low,Small,5.565822241561,2023,2,1,2,0,130.17,False,True,False,False,False,False,False,False,False
2024-07-04,InnovaCorp,Centro,WEB-007,Cámaras Web,8,454.65,3637.2,0.046722272743650865,-0.43763968849916934,Medium,Medium,8.199244332828115,2024,7,3,3,0,454.65,False,False,False,True,False,False,False,False,False
2024-12-14,BetaTech,Norte,TEC-003,Teclados,15,506.64,7599.599999999999,1.634372317430813,-0.28401025774671834,High,Large,8.935982470526664,2024,12,4,5,1,506.64,True,False,False,False,False,False,False,False,True
2023-04-12,GammaRed,Centro,WEB-007,Cámaras Web,5,53.77,268.85,-0.6336991749794186,-1.6222322293732327,Low,Medium,5.597866249064652,2023,4,2,2,0,53.77,False,False,False,True,False,False,False,False,False
2024-01-15,SolucionesYA,Centro,ALM-008,Almacenamiento,8,1141.41,9131.28,0.046722272743650865,1.5917226477876794,High,Medium,9.11957066859006,2024,1,1,0,0,1141.41,False,False,False,False,False,False,False,False,False
2024-01-07,DataCenter,Norte,IMP-006,Impresoras,9,1083.51,9751.59,0.273529421984674,1.4206292828989138,High,Medium,9.185288169741204,2024,1,1,6,1,1083.51,True,False,False,False,True,False,False,False,False
2024-10-22,AlphaSys,Sur,LAP-001,Laptops,7,341.92,2393.44,-0.1800848764973723,-0.7707546284630816,Medium,Medium,7.78090466204546,2024,10,4,1,0,341.92,False,True,False,False,False,True,False,False,False
2023-05-06,GammaRed,Centro,MON-002,Monitores,11,266.35,2929.8500000000004,0.7271437204667204,-0.9940624969370713,Medium,Large,7.9830477623286304,2023,5,2,5,1,266.35,False,False,False,False,False,False,True,False,False
2024-10-16,TecnoShop,Norte,LAP-001,Laptops,13,410.21,5332.73,1.1807580189487668,-0.5689590172669886,Medium,Large,8.581806084788125,2024,10,4,2,0,410.21,True,False,False,False,False,True,False,False,False
2023-05-09,SolucionesYA,Centro,MON-002,Monitores,14,921.71,12903.94,1.4075651681897898,0.9425134549368717,High,Large,9.465365462781193,2023,5,2,1,0,921.71,False,False,False,False,False,False,True,False,False
2023-08-01,SolucionesYA,Centro,MOU-004,Ratones,6,932.63,5595.78,-0.40689202573839545,0.9747818408537164,Medium,Medium,8.629946711347344,2023,8,3,1,0,932.63,False,False,False,False,False,False,False,True,False
2024-09-02,TecnoShop,Norte,AUD-005,Audífonos,14,1181.07,16534.98,1.4075651681897898,1.7089171702658903,High,Large,9.71329389187853,2024,9,3,0,0,1181.07,True,False,True,False,False,False,False,False,False
2023-05-14,MegaStore,Sur,TEC-003,Teclados,2,798.35,1596.7,-1.3141206227024882,0.5779870733707559,Low,Small,7.376320374033526,2023,5,2,6,1,798.35,False,True,False,False,False,False,False,False,True
2023-01-27,InnovaCorp,Centro,LAP-001,Laptops,6,951.13,5706.78,-0.40689202573839545,1.0294489781670526,Medium,Medium,8.649585435457313,2023,1,1,4,0,951.13,False,False,False,False,False,True,False,False,False
2023-09-01,AlphaSys,Sur,LAP-001,Laptops,3,329.46,988.3799999999999,-1.087313473461465,-0.8075736841887123,Low,Small,6.897078484318022,2023,9,3,4,0,329.46,False,True,False,False,False,True,False,False,False
2023-05-10,BetaTech,Norte,MON-002,Monitores,12,90.32,1083.84,0.9539508697077435,-1.5142276959244527,Low,Large,6.989187789662675,2023,5,2,2,0,90.32,True,False,False,False,False,False,True,False,False
2024-04-04,AlphaSys,Sur,MON-002,Monitores,8,612.05,4896.4,0.046722272743650865,0.027474225723484694,Medium,Medium,8.496459731029326,2024,4,2,3,0,612.05,False,True,False,False,False,False,True,False,False
2024-09-21,TecnoShop,Norte,AUD-005,Audífonos,8,777.36,6218.88,0.046722272743650865,0.5159620348730843,High,Medium,8.73550589294262,2024,9,3,5,1,777.36,True,False,True,False,False,False,False,False,False
2023-02-01,TecnoShop,Norte,ALM-008,Almacenamiento,14,490.92,6872.88,1.4075651681897898,-0.33046254956107735,High,Large,8.835484000172736,2023,2,1,2,0,490.92,True,False,False,False,False,False,False,False,False
2024-12-03,DataCenter,Norte,ALM-008,Almacenamiento,12,1093.0,13116.0,0.9539508697077435,1.4486720468504575,High,Large,9.481664377815147,2024,12,4,1,0,1093.0,True,False,False,False,False,False,False,False,False
2023-03-17,DataCenter,Norte,IMP-006,Impresoras,10,190.78,1907.8,0.5003365712256972,-1.217370365411061,Low,Medium,7.5542300513436516,2023,3,1,4,0,190.78,True,False,False,False,True,False,False,False,False
2023-05-10,MegaStore,Sur,IMP-006,Impresoras,7,1193.63,8355.41,-0.1800848764973723,1.746031724031053,High,Medium,9.030784188011747,2023,5,2,2,0,1193.6299999999999,False,True,False,False,True,False,False,False,False
2024-06-27,MegaStore,Sur,ALM-008,Almacenamiento,9,732.43,6591.87,0.273529421984674,0.3831947657115603,High,Medium,8.793744041036296,2024,6,2,3,0,732.43,False,True,False,False,False,False,False,False,False
2023-04-12,DataCenter,Norte,MOU-004,Ratones,7,550.09,3850.63,-0.1800848764973723,-0.15561635957026126,Medium,Medium,8.256251714306613,2023,4,2,2,0,550.09,True,False,False,False,False,False,False,True,False
2023-08-22,BetaTech,Norte,IMP-006,Impresoras,14,552.4,7733.599999999999,1.4075651681897898,-0.1487903548570827,High,Large,8.953459048677114,2023,8,3,1,0,552.4,True,False,False,False,True,False,False,False,False
2024-03-01,DataCenter,Norte,IMP-006,Impresoras,7,385.34,2697.3799999999997,-0.1800848764973723,-0.6424493796984843,Medium,Medium,7.900406871920388,2024,3,1,4,0,385.34,True,False,False,False,True,False,False,False,False
2023-09-19,AlphaSys,Sur,TEC-003,Teclados,11,1108.74,12196.14,0.7271437204667204,1.495183438272723,High,Large,9.408956777009717,2023,9,3,1,0,1108.74,False,True,False,False,False,False,False,False,True
2023-03-10,DataCenter,Norte,MON-002,Monitores,2,526.77,1053.54,-1.3141206227024882,-0.22452650238901806,Low,Small,6.9608599318689155,2023,3,1,4,0,526.77,True,False,False,False,False,False,True,False,False
2024-01-17,InnovaCorp,Centro,LAP-001,Laptops,10,1148.6,11486.0,0.5003365712256972,1.6129689568299972,High,Medium,9.348971240145405,2024,1,1,2,0,1148.6,False,False,False,False,False,True,False,False,False
2024-07-29,AlphaSys,Sur,MON-002,Monitores,7,434.01,3038.0699999999997,-0.1800848764973723,-0.4986304838584805,Medium,Medium,8.019306826544245,2024,7,3,0,0,434.00999999999993,False,True,False,False,False,False,True,False,False
2024-11-12,BetaTech,Norte,LAP-001,Laptops,5,726.49,3632.45,-0.6336991749794186,0.3656421821633866,Medium,Medium,8.19793788912535,2024,11,4,1,0,726.49,True,False,False,False,False,True,False,False,False
2023-12-27,DataCenter,Norte,MOU-004,Ratones,3,793.23,2379.69,-1.087313473461465,0.5628575737467407,Medium,Small,7.775145640614394,2023,12,4,2,0,793.23,True,False,False,False,False,False,False,True,False
2023-08-18,DataCenter,Norte,IMP-006,Impresoras,14,674.17,9438.38,1.4075651681897898,0.21103760788048137,High,Large,9.152645579016552,2023,8,3,4,0,674.17,True,False,False,False,True,False,False,False,False
2023-04-28,MegaStore,Sur,MOU-004,Ratones,13,523.5,6805.5,1.1807580189487668,-0.23418928828169958,High,Large,8.825633316952528,2023,4,2,4,0,523.5,False,True,False,False,False,False,False,True,False
2024-07-28,TecnoShop,Norte,AUD-005,Audífonos,1,228.79,228.79,-1.5409277719435113,-1.1050515605851203,Low,Small,5.437165848366845,2024,7,3,6,1,228.79,True,False,True,False,False,False,False,False,False
2024-12-20,MegaStore,Sur,IMP-006,Impresoras,6,22.24,133.44,-0.40689202573839545,-1.7154027612375293,Low,Medium,4.901118002856905,2024,12,4,4,0,22.24,False,True,False,False,True,False,False,False,False
2023-05-27,BetaTech,Norte,MON-002,Monitores,3,893.05,2679.1499999999996,-1.087313473461465,0.8578237168071302,Medium,Small,7.893628042087886,2023,5,2,5,1,893.0499999999998,True,False,False,False,False,False,True,False,False
2023-02-01,DataCenter,Norte,MOU-004,Ratones,7,512.5,3587.5,-0.1800848764973723,-0.2666940726301697,Medium,Medium,8.185489566870126,2023,2,1,2,0,512.5,True,False,False,False,False,False,False,True,False
2023-12-16,InnovaCorp,Centro,IMP-006,Impresoras,5,870.09,4350.45,-0.6336991749794186,0.7899773669306874,Medium,Medium,8.37826440187285,2023,12,4,5,1,870.0899999999999,False,False,False,False,True,False,False,False,False
2024-08-04,DataCenter,Norte,LAP-001,Laptops,3,201.53,604.59,-1.087313473461465,-1.1856043261614198,Low,Small,6.406203189437368,2024,8,3,6,1,201.53,True,False,False,False,False,True,False,False,False
2024-09-24,TecnoShop,Norte,MON-002,Monitores,5,540.09,2700.4500000000003,-0.6336991749794186,-0.18516616352341592,Medium,Medium,7.901543944876676,2024,9,3,1,0,540.09,True,False,False,False,False,False,True,False,False
2024-03-10,GammaRed,Centro,ALM-008,Almacenamiento,7,338.7,2370.9,-0.1800848764973723,-0.7802696653359975,Medium,Medium,7.771446600712901,2024,3,1,6,1,338.7,False,False,False,False,False,False,False,False,False
2024-06-08,DataCenter,Norte,IMP-006,Impresoras,7,146.4,1024.8,-0.1800848764973723,-1.3485123953551614,Low,Medium,6.933228074955168,2024,6,2,5,1,146.4,True,False,False,False,True,False,False,False,False
2024-11-25,GammaRed,Centro,AUD-005,Audífonos,1,276.31,276.31,-1.5409277719435113,-0.9646308921997293,Low,Small,5.625136013998199,2024,11,4,0,0,276.31,False,False,True,False,False,False,False,False,False
2024-09-05,TecnoShop,Norte,LAP-001,Laptops,4,372.18,1488.72,-0.8605063242204418,-0.6813369217008356,Low,Small,7.306343461817343,2024,9,3,3,0,372.18,True,False,False,False,False,True,False,False,False
2023-08-05,InnovaCorp,Centro,AUD-005,Audífonos,5,403.82,2019.1,-0.6336991749794186,-0.5878413419930544,Low,Medium,7.610902294120415,2023,8,3,5,1,403.82,False,False,True,False,False,False,False,False,False
2023-01-08,GammaRed,Centro,WEB-007,Cámaras Web,3,168.09,504.27,-1.087313473461465,-1.2844188705807686,Low,Small,6.225092939864466,2023,1,1,6,1,168.09,False,False,False,True,False,False,False,False,False
2024-06-29,SolucionesYA,Centro,IMP-006,Impresoras,2,485.53,971.06,-1.3141206227024882,-0.34638989389182784,Low,Small,6.8794175309503816,2024,6,2,5,1,485.53,False,False,False,False,True,False,False,False,False
2023-02-13,BetaTech,Norte,LAP-001,Laptops,8,1106.58,8852.64,0.046722272743650865,1.4888006806188414,High,Medium,9.088583952876576,2023,2,1,0,0,1106.58,True,False,False,False,False,True,False,False,False
2023-11-17,BetaTech,Norte,WEB-007,Cámaras Web,12,773.57,9282.84,0.9539508697077435,0.5047626591748389,High,Large,9.136030533294939,2023,11,4,4,0,773.57,True,False,False,True,False,False,False,False,False
2023-10-24,DataCenter,Norte,WEB-007,Cámaras Web,1,1159.95,1159.95,-1.5409277719435113,1.646507984316828,Low,Small,7.056993914448375,2023,10,4,1,0,1159.95,True,False,False,True,False,False,False,False,False
2023-06-25,GammaRed,Centro,IMP-006,Impresoras,2,532.5,1065.0,-1.3141206227024882,-0.2075944647238604,Low,Small,6.97166860472579,2023,6,2,6,1,532.5,False,False,False,False,True,False,False,False,False
2023-04-19,SolucionesYA,Centro,WEB-007,Cámaras Web,10,489.53,4895.299999999999,0.5003365712256972,-0.33456997231056596,Medium,Medium,8.49623509682476,2023,4,2,2,0,489.5299999999999,False,False,False,True,False,False,False,False,False
2023-03-22,BetaTech,Norte,AUD-005,Audífonos,12,417.32,5007.84,0.9539508697077435,-0.5479491066562956,Medium,Large,8.51895963034395,2023,3,1,2,0,417.32,True,False,True,False,False,False,False,False,False
2023-12-08,InnovaCorp,Centro,MON-002,Monitores,9,765.37,6888.33,0.273529421984674,0.4805318199332519,High,Medium,8.837729116899096,2023,12,4,4,0,765.37,False,False,False,False,False,False,True,False,False
2024-06-27,SolucionesYA,Centro,IMP-006,Impresoras,6,876.94,5261.64,-0.40689202573839545,0.8102189826385984,Medium,Medium,8.56838808096219,2024,6,2,3,0,876.94,False,False,False,False,True,False,False,False,False
2024-10-22,InnovaCorp,Centro,MOU-004,Ratones,2,188.54,377.08,-1.3141206227024882,-1.2239895214965677,Low,Small,5.935105813438597,2024,10,4,1,0,188.54,False,False,False,False,False,False,False,True,False
2023-07-22,InnovaCorp,Centro,TEC-003,Teclados,13,914.6,11889.800000000001,1.1807580189487668,0.9215035443261788,High,Large,9.383520270852854,2023,7,3,5,1,914.6000000000001,False,False,False,False,False,False,False,False,True
2023-03-19,InnovaCorp,Centro,ALM-008,Almacenamiento,8,909.02,7272.16,0.046722272743650865,0.9050147537203183,High,Medium,8.891946139087594,2023,3,1,6,1,909.02,False,False,False,False,False,False,False,False,False
2024-08-16,GammaRed,Centro,IMP-006,Impresoras,14,1165.6,16318.399999999998,1.4075651681897898,1.66320362355036,High,Large,9.700109863136378,2024,8,3,4,0,1165.6,False,False,False,False,True,False,False,False,False
2023-11-20,InnovaCorp,Centro,ALM-008,Almacenamiento,2,570.67,1141.34,-1.3141206227024882,-0.09480286303466921,Low,Small,7.04083406919764,2023,11,4,0,0,570.67,False,False,False,False,False,False,False,False,False
2024-10-08,MegaStore,Sur,AUD-005,Audífonos,10,81.56,815.6,0.5003365712256972,-1.540113324187416,Low,Medium,6.7051493788854755,2024,10,4,1,0,81.56,False,True,True,False,False,False,False,False,False
2024-06-03,DataCenter,Norte,AUD-005,Audífonos,8,550.52,4404.16,0.046722272743650865,-0.15434571800027577,Medium,Medium,8.390531860071592,2024,6,2,0,0,550.52,True,False,True,False,False,False,False,False,False
2023-02-28,AlphaSys,Sur,AUD-005,Audífonos,2,778.93,1557.86,-1.3141206227024882,0.5206013540937294,Low,Small,7.351710063870825,2023,2,1,1,0,778.93,False,True,True,False,False,False,False,False,False
2023-04-03,BetaTech,Norte,ALM-008,Almacenamiento,10,671.86,6718.6,0.5003365712256972,0.2042116031673028,High,Medium,8.812783907936058,2023,4,2,0,0,671.86,True,False,False,False,False,False,False,False,False
2023-02-12,GammaRed,Centro,MOU-004,Ratones,6,731.93,4391.58,-0.40689202573839545,0.38171727551390255,Medium,Medium,8.387672032758234,2023,2,1,6,1,731.93,False,False,False,False,False,False,False,True,False
2024-05-28,InnovaCorp,Centro,LAP-001,Laptops,8,137.65,1101.2,0.046722272743650865,-1.3743684738141717,Low,Medium,7.005063461449135,2024,5,2,1,0,137.65,False,False,False,False,False,True,False,False,False
2023-12-18,DataCenter,Norte,TEC-003,Teclados,1,308.58,308.58,-1.5409277719435113,-0.8692736748428993,Low,Small,5.735216540145731,2023,12,4,0,0,308.58,True,False,False,False,False,False,False,False,True
2024-03-24,GammaRed,Centro,TEC-003,Teclados,6,456.83,2740.98,-0.40689202573839545,-0.43119783123738165,Medium,Medium,7.916435566149634,2024,3,1,6,1,456.83,False,False,False,False,False,False,False,False,True
2023-10-17,BetaTech,Norte,WEB-007,Cámaras Web,13,415.97,5407.610000000001,1.1807580189487668,-0.5519383301899714,Medium,Large,8.595747407219815,2023,10,4,1,0,415.97,True,False,False,True,False,False,False,False,False
2024-09-04,TecnoShop,Norte,IMP-006,Impresoras,2,405.68,811.36,-1.3141206227024882,-0.5823450784577676,Low,Small,6.699943591664909,2024,9,3,2,0,405.68,True,False,False,False,True,False,False,False,False
2024-07-25,BetaTech,Norte,AUD-005,Audífonos,5,872.62,4363.1,-0.6336991749794186,0.7974534673308354,Medium,Medium,8.381167261447526,2024,7,3,3,0,872.6200000000001,True,False,True,False,False,False,False,False,False
2024-11-03,InnovaCorp,Centro,IMP-006,Impresoras,2,705.55,1411.1,-1.3141206227024882,0.3037648926854806,Low,Small,7.252833237075206,2024,11,4,6,1,705.55,False,False,False,False,True,False,False,False,False
2023-05-25,AlphaSys,Sur,AUD-005,Audífonos,11,842.7,9269.7,0.7271437204667204,0.7090404539029969,High,Large,9.134614168114592,2023,5,2,3,0,842.7,False,True,True,False,False,False,False,False,False
2024-02-06,InnovaCorp,Centro,MON-002,Monitores,5,677.32,3386.6000000000004,-0.6336991749794186,0.22034579612572536,Medium,Medium,8.127876985047443,2024,2,1,1,0,677.32,False,False,False,False,False,False,True,False,False
2024-10-20,AlphaSys,Sur,TEC-003,Teclados,11,847.85,9326.35,0.7271437204667204,0.7242586029388715,High,Large,9.140706223486509,2024,10,4,6,1,847.85,False,True,False,False,False,False,False,False,True
2024-12-02,DataCenter,Norte,WEB-007,Cámaras Web,9,443.77,3993.93,0.273529421984674,-0.4697898752002016,Medium,Medium,8.292781336144486,2024,12,4,0,0,443.77,True,False,False,True,False,False,False,False,False
2024-01-07,MegaStore,Sur,TEC-003,Teclados,4,419.95,1679.8,-0.8605063242204418,-0.5401775082166159,Low,Small,7.427025149530791,2024,1,1,6,1,419.95,False,True,False,False,False,False,False,False,True
2024-05-12,SolucionesYA,Centro,MOU-004,Ratones,3,198.61,595.83,-1.087313473461465,-1.1942328689157409,Low,Small,6.391632315722667,2024,5,2,6,1,198.61,False,False,False,False,False,False,False,True,False
2023-10-30,DataCenter,Norte,LAP-001,Laptops,11,414.07,4554.7699999999995,0.7271437204667204,-0.5575527929410709,Medium,Large,8.424149840413051,2023,10,4,0,0,414.06999999999994,True,False,False,False,False,True,False,False,False
2024-09-24,InnovaCorp,Centro,WEB-007,Cámaras Web,3,207.26,621.78,-1.087313473461465,-1.1686722884962621,Low,Small,6.434193326406315,2024,9,3,1,0,207.26,False,False,False,True,False,False,False,False,False
2024-12-10,InnovaCorp,Centro,ALM-008,Almacenamiento,1,501.87,501.87,-1.5409277719435113,-0.298105514232373,Low,Small,6.220331687391787,2024,12,4,1,0,501.87,False,False,False,False,False,False,False,False,False
2024-11-23,SolucionesYA,Centro,ALM-008,Almacenamiento,10,352.64,3526.3999999999996,0.5003365712256972,-0.7390772386252998,Medium,Medium,8.168316334636264,2024,11,4,5,1,352.64,False,False,False,False,False,False,False,False,False
2024-04-04,SolucionesYA,Centro,MOU-004,Ratones,5,1159.23,5796.15,-0.6336991749794186,1.6443803984322007,High,Medium,8.66512169645779,2024,4,2,3,0,1159.23,False,False,False,False,False,False,False,True,False
2024-04-25,SolucionesYA,Centro,IMP-006,Impresoras,11,1137.35,12510.849999999999,0.7271437204667204,1.5797254273826982,High,Large,9.434431474222182,2024,4,2,3,0,1137.35,False,False,False,False,True,False,False,False,False
2024-03-27,GammaRed,Centro,AUD-005,Audífonos,13,467.52,6077.76,1.1807580189487668,-0.39960909081145934,High,Large,8.712556006791699,2024,3,1,2,0,467.52000000000004,False,False,True,False,False,False,False,False,False
2024-06-24,BetaTech,Norte,TEC-003,Teclados,14,251.64,3522.96,1.4075651681897898,-1.0375302585521617,Medium,Large,8.167340636253853,2024,6,2,0,0,251.64000000000001,True,False,False,False,False,False,False,False,True
2024-09-11,InnovaCorp,Centro,AUD-005,Audífonos,1,774.8,774.8,-1.5409277719435113,0.5083972850610765,Low,Small,6.653894755005867,2024,9,3,2,0,774.8,False,False,True,False,False,False,False,False,False
2024-01-16,DataCenter,Norte,MON-002,Monitores,5,114.39,571.95,-0.6336991749794186,-1.4431013178092094,Low,Medium,6.350798452872457,2024,1,1,1,0,114.39000000000001,True,False,False,False,False,False,True,False,False
2023-06-14,MegaStore,Sur,ALM-008,Almacenamiento,15,623.32,9349.800000000001,1.634372317430813,0.06077685477869026,High,Large,9.143217180119883,2023,6,2,2,0,623.32,False,True,False,False,False,False,False,False,False
2024-03-23,DataCenter,Norte,MOU-004,Ratones,14,549.59,7694.26,1.4075651681897898,-0.15709384976791899,High,Large,8.948359833876312,2024,3,1,5,1,549.59,True,False,False,False,False,False,False,True,False
2023-12-24,TecnoShop,Norte,WEB-007,Cámaras Web,1,484.8,484.8,-1.5409277719435113,-0.348547029580408,Low,Small,6.185797016568072,2023,12,4,6,1,484.8,True,False,False,True,False,False,False,False,False
2024-01-18,SolucionesYA,Centro,WEB-007,Cámaras Web,2,459.27,918.54,-1.3141206227024882,-0.42398767907281193,Low,Small,6.823873545001404,2024,1,1,3,0,459.27,False,False,False,True,False,False,False,False,False
2023-01-29,AlphaSys,Sur,MON-002,Monitores,14,861.92,12066.88,1.4075651681897898,0.7658351771009598,High,Large,9.398302656576877,2023,1,1,6,1,861.92,False,True,False,False,False,False,True,False,False
2023-12-10,InnovaCorp,Centro,TEC-003,Teclados,1,354.95,354.95,-1.5409277719435113,-0.7322512339121211,Low,Small,5.874790271549882,2023,12,4,6,1,354.95,False,False,False,False,False,False,False,False,True
2024-04-28,InnovaCorp,Centro,ALM-008,Almacenamiento,8,744.19,5953.52,0.046722272743650865,0.4179453351604705,High,Medium,8.691905874006675,2024,4,2,6,1,744.19,False,False,False,False,False,False,False,False,False
2023-03-23,TecnoShop,Norte,AUD-005,Audífonos,4,1004.43,4017.72,-0.8605063242204418,1.1869494332373667,Medium,Small,8.29871872295029,2023,3,1,3,0,1004.43,True,False,True,False,False,False,False,False,False
2024-07-15,BetaTech,Norte,MON-002,Monitores,13,356.4,4633.2,1.1807580189487668,-0.7279665123389137,Medium,Large,8.441218863318648,2024,7,3,0,0,356.4,True,False,False,False,False,False,True,False,False
2023-11-05,DataCenter,Norte,LAP-001,Laptops,4,512.49,2049.96,-0.8605063242204418,-0.2667236224341228,Low,Small,7.626063255200582,2023,11,4,6,1,512.49,True,False,False,False,False,True,False,False,False
2024-09-29,GammaRed,Centro,MON-002,Monitores,2,1006.47,2012.94,-1.3141206227024882,1.1929775932438105,Low,Small,7.6078482813749515,2024,9,3,6,1,1006.47,False,False,False,False,False,False,True,False,False
2024-05-26,TecnoShop,Norte,MOU-004,Ratones,12,185.14,2221.68,0.9539508697077435,-1.2340364548406402,Medium,Large,7.706468953984822,2024,5,2,6,1,185.14,True,False,False,False,False,False,False,True,False
2024-03-15,TecnoShop,Norte,IMP-006,Impresoras,4,691.24,2764.96,-0.8605063242204418,0.2614791232285165,Medium,Small,7.925143050804158,2024,3,1,4,0,691.24,True,False,False,False,True,False,False,False,False
2023-07-11,DataCenter,Norte,IMP-006,Impresoras,2,1144.78,2289.56,-1.3141206227024882,1.6016809317198921,Medium,Small,7.7365516081376065,2023,7,3,1,0,1144.78,True,False,False,False,True,False,False,False,False
2024-07-11,TecnoShop,Norte,WEB-007,Cámaras Web,14,572.11,8009.54,1.4075651681897898,-0.09054769126541479,High,Large,8.988513453520405,2024,7,3,3,0,572.11,True,False,False,True,False,False,False,False,False
2024-10-12,BetaTech,Norte,IMP-006,Impresoras,5,900.57,4502.85,-0.6336991749794186,0.8800451693799028,Medium,Medium,8.412687865534927,2024,10,4,5,1,900.57,True,False,False,False,True,False,False,False,False
2024-01-01,DataCenter,Norte,IMP-006,Impresoras,4,883.54,3534.16,-0.8605063242204418,0.8297218532476802,Medium,Small,8.170513838975419,2024,1,1,0,0,883.54,True,False,False,False,True,False,False,False,False
2024-10-05,DataCenter,Norte,IMP-006,Impresoras,3,67.54,202.62,-1.087313473461465,-1.581542149329739,Low,Small,5.316255511679049,2024,10,4,5,1,67.54,True,False,False,False,True,False,False,False,False
2024-07-13,AlphaSys,Sur,TEC-003,Teclados,14,938.28,13135.92,1.4075651681897898,0.9914774800872488,High,Large,9.483181865780569,2024,7,3,5,1,938.28,False,True,False,False,False,False,False,False,True
2024-04-20,GammaRed,Centro,TEC-003,Teclados,13,174.8,2272.4,1.1807580189487668,-1.264590952128202,Medium,Large,7.72903178725261,2024,4,2,5,1,174.8,False,False,False,False,False,False,False,False,True
2024-04-13,TecnoShop,Norte,AUD-005,Audífonos,4,66.91,267.64,-0.8605063242204418,-1.5834037869787876,Low,Small,5.59337219332923,2024,4,2,5,1,66.91,True,False,True,False,False,False,False,False,False
2023-07-24,TecnoShop,Norte,IMP-006,Impresoras,15,382.44,5736.6,1.634372317430813,-0.651018822844899,High,Large,8.654796283410814,2023,7,3,0,0,382.44,True,False,False,False,True,False,False,False,False
2024-02-12,GammaRed,Centro,AUD-005,Audífonos,1,907.65,907.65,-1.5409277719435113,0.9009664305787362,Low,Small,6.81195998152727,2024,2,1,0,0,907.65,False,False,True,False,False,False,False,False,False
2023-07-15,MegaStore,Sur,IMP-006,Impresoras,14,940.3,13164.199999999999,1.4075651681897898,0.997446540485786,High,Large,9.485332263611445,2023,7,3,5,1,940.3,False,True,False,False,True,False,False,False,False
2024-11-02,AlphaSys,Sur,AUD-005,Audífonos,2,962.22,1924.44,-1.3141206227024882,1.062219710751101,Low,Small,7.562909792031987,2024,11,4,5,1,962.22,False,True,True,False,False,False,False,False,False
2024-03-23,BetaTech,Norte,ALM-008,Almacenamiento,15,1148.43,17226.45,1.634372317430813,1.612466610162794,High,Large,9.754259320890771,2024,3,1,5,1,1148.43,True,False,False,False,False,False,False,False,False
2023-12-14,InnovaCorp,Centro,ALM-008,Almacenamiento,12,604.57,7254.84,0.9539508697077435,0.0053709723665253005,High,Large,8.889561940835204,2023,12,4,3,0,604.57,False,False,False,False,False,False,False,False,False
2024-06-15,MegaStore,Sur,MON-002,Monitores,12,518.03,6216.36,0.9539508697077435,-0.25035303104407525,High,Large,8.735100658335185,2024,6,2,5,1,518.03,False,True,False,False,False,False,True,False,False
2024-03-16,InnovaCorp,Centro,AUD-005,Audífonos,6,136.58,819.48,-0.40689202573839545,-1.377530302837159,Low,Medium,6.709889534852196,2024,3,1,5,1,136.58,False,False,True,False,False,False,False,False,False
2023-12-02,MegaStore,Sur,AUD-005,Audífonos,8,729.11,5832.88,0.046722272743650865,0.37338423079911315,High,Medium,8.671437581138301,2023,12,4,5,1,729.11,False,True,True,False,False,False,False,False,False
2024-03-12,InnovaCorp,Centro,ALM-008,Almacenamiento,6,544.85,3269.1000000000004,-0.40689202573839545,-0.17110045684171432,Medium,Medium,8.092575844463465,2024,3,1,1,0,544.85,False,False,False,False,False,False,False,False,False
2023-12-28,BetaTech,Norte,AUD-005,Audífonos,11,1176.33,12939.63,0.7271437204667204,1.6949105631920949,High,Large,9.468127253113959,2023,12,4,3,0,1176.33,True,False,True,False,False,False,False,False,False
2023-02-28,DataCenter,Norte,WEB-007,Cámaras Web,6,623.01,3738.06,-0.40689202573839545,0.059860810856142296,Medium,Medium,8.22658952191977,2023,2,1,1,0,623.01,True,False,False,True,False,False,False,False,False
2024-11-26,InnovaCorp,Centro,LAP-001,Laptops,3,1020.67,3062.0099999999998,-1.087313473461465,1.2349383148572899,Medium,Small,8.027153371600544,2024,11,4,1,0,1020.67,False,False,False,False,False,True,False,False,False
2024-11-25,GammaRed,Centro,LAP-001,Laptops,3,94.67,284.01,-1.087313473461465,-1.5013735312048302,Low,Small,5.652524267372389,2024,11,4,0,0,94.67,False,False,False,False,False,True,False,False,False
2024-10-22,AlphaSys,Sur,IMP-006,Impresoras,7,1140.12,7980.839999999999,-0.1800848764973723,1.5879107230777219,High,Medium,8.984924240306295,2024,10,4,1,0,1140.12,False,True,False,False,True,False,False,False,False
2023-02-03,InnovaCorp,Centro,ALM-008,Almacenamiento,6,455.84,2735.04,-0.40689202573839545,-0.434123261828744,Medium,Medium,7.914266898518613,2023,2,1,4,0,455.84,False,False,False,False,False,False,False,False,False
2023-03-20,InnovaCorp,Centro,IMP-006,Impresoras,7,387.55,2712.85,-0.1800848764973723,-0.635918873024837,Medium,Medium,7.906123569891746,2023,3,1,0,0,387.55,False,False,False,False,True,False,False,False,False
2023-10-13,SolucionesYA,Centro,MON-002,Monitores,1,886.77,886.77,-1.5409277719435113,0.8392664399245492,Low,Small,6.788712700434535,2023,10,4,4,0,886.77,False,False,False,False,False,False,True,False,False
2024-05-26,BetaTech,Norte,MON-002,Monitores,5,933.33,4666.650000000001,-0.6336991749794186,0.9768503271304374,Medium,Medium,8.448411012017864,2024,5,2,6,1,933.3300000000002,True,False,False,False,False,False,True,False,False
2024-12-21,GammaRed,Centro,MOU-004,Ratones,10,353.41,3534.1000000000004,0.5003365712256972,-0.7368019037209068,Medium,Medium,8.1704968664737,2024,12,4,5,1,353.41,False,False,False,False,False,False,False,True,False
2024-05-17,SolucionesYA,Centro,MON-002,Monitores,3,1025.6,3076.7999999999997,-1.087313473461465,1.2495063682061949,Medium,Small,8.03197033502975,2024,5,2,4,0,1025.6,False,False,False,False,False,False,True,False,False
2024-04-07,InnovaCorp,Centro,ALM-008,Almacenamiento,2,975.46,1950.92,-1.3141206227024882,1.1013436511850778,Low,Small,7.576568782526629,2024,4,2,6,1,975.46,False,False,False,False,False,False,False,False,False
2023-11-24,AlphaSys,Sur,MON-002,Monitores,9,657.47,5917.2300000000005,0.273529421984674,0.16168943527871332,High,Medium,8.685792696686194,2023,11,4,4,0,657.47,False,True,False,False,False,False,True,False,False
2023-11-04,InnovaCorp,Centro,TEC-003,Teclados,13,443.37,5763.81,1.1807580189487668,-0.47097186735832774,High,Large,8.659527474657882,2023,11,4,5,1,443.37,False,False,False,False,False,False,False,False,True
2023-08-18,DataCenter,Norte,MOU-004,Ratones,13,179.57,2334.41,1.1807580189487668,-1.2504956956425473,Medium,Large,7.755942743554174,2023,8,3,4,0,179.57,True,False,False,False,False,False,False,True,False
2024-05-20,TecnoShop,Norte,IMP-006,Impresoras,9,693.15,6238.349999999999,0.273529421984674,0.26712313578356894,High,Medium,8.738631289271083,2024,5,2,0,0,693.15,True,False,False,False,True,False,False,False,False
2024-04-23,InnovaCorp,Centro,MON-002,Monitores,2,381.51,763.02,-1.3141206227024882,-0.6537669546125424,Low,Small,6.638593966834353,2024,4,2,1,0,381.51,False,False,False,False,False,False,True,False,False
2024-05-05,BetaTech,Norte,WEB-007,Cámaras Web,14,696.26,9747.64,1.4075651681897898,0.2763131248130001,High,Large,9.184883067083165,2024,5,2,6,1,696.26,True,False,False,True,False,False,False,False,False
2023-05-09,AlphaSys,Sur,MON-002,Monitores,8,567.01,4536.08,0.046722272743650865,-0.10561809128152372,Medium,Medium,8.420038912305511,2023,5,2,1,0,567.01,False,True,False,False,False,False,True,False,False
2024-06-13,AlphaSys,Sur,TEC-003,Teclados,15,997.43,14961.449999999999,1.634372317430813,1.1662645704701584,High,Large,9.613299008173092,2024,6,2,3,0,997.43,False,True,False,False,False,False,False,False,True
2024-07-18,InnovaCorp,Centro,TEC-003,Teclados,7,610.89,4276.23,-0.1800848764973723,0.024046448464918848,Medium,Medium,8.361060882792254,2024,7,3,3,0,610.89,False,False,False,False,False,False,False,False,True
2023-02-26,DataCenter,Norte,TEC-003,Teclados,5,210.12,1050.6,-0.6336991749794186,-1.1602210445656598,Low,Medium,6.958068092855726,2023,2,1,6,1,210.11999999999998,True,False,False,False,False,False,False,False,True
2023-11-27,SolucionesYA,Centro,IMP-006,Impresoras,9,1075.49,9679.41,0.273529421984674,1.3969303401284838,High,Medium,9.17785953474556,2023,11,4,0,0,1075.49,False,False,False,False,True,False,False,False,False
2023-03-22,MegaStore,Sur,MOU-004,Ratones,11,1148.28,12631.08,0.7271437204667204,1.6120233631034964,High,Large,9.443994889037652,2023,3,1,2,0,1148.28,False,True,False,False,False,False,False,True,False
2023-10-09,InnovaCorp,Centro,AUD-005,Audífonos,10,647.17,6471.7,0.5003365712256972,0.13125313720696383,High,Medium,8.775348611109674,2023,10,4,0,0,647.17,False,False,True,False,False,False,False,False,False
2024-05-29,InnovaCorp,Centro,TEC-003,Teclados,3,795.6,2386.8,-1.087313473461465,0.5698608772836384,Medium,Small,7.778127718911288,2024,5,2,2,0,795.6,False,False,False,False,False,False,False,False,True
2024-09-11,AlphaSys,Sur,LAP-001,Laptops,14,1038.58,14540.119999999999,1.4075651681897898,1.2878620137373897,High,Large,9.58473577700677,2024,9,3,2,0,1038.58,False,True,False,False,False,True,False,False,False
2023-03-25,TecnoShop,Norte,AUD-005,Audífonos,11,264.81,2912.91,0.7271437204667204,-0.9986131667458571,Medium,Large,7.977251100897267,2023,3,1,5,1,264.81,True,False,True,False,False,False,False,False,False
2024-08-08,BetaTech,Norte,LAP-001,Laptops,8,1068.46,8547.68,0.046722272743650865,1.376156827949416,High,Medium,9.053532164047153,2024,8,3,3,0,1068.46,True,False,False,False,False,True,False,False,False
2024-07-12,MegaStore,Sur,AUD-005,Audífonos,8,305.18,2441.44,0.046722272743650865,-0.8793206081869718,Medium,Medium,7.800752818620331,2024,7,3,4,0,305.18,False,True,True,False,False,False,False,False,False
2024-12-02,BetaTech,Norte,AUD-005,Audífonos,8,101.47,811.76,0.046722272743650865,-1.481279664516685,Low,Medium,6.700435863014812,2024,12,4,0,0,101.47,True,False,True,False,False,False,False,False,False
2023-03-03,InnovaCorp,Centro,ALM-008,Almacenamiento,7,588.84,4121.88,-0.1800848764973723,-0.04111086925178701,Medium,Medium,8.324307227262725,2023,3,1,4,0,588.84,False,False,False,False,False,False,False,False,False
2023-07-28,AlphaSys,Sur,TEC-003,Teclados,6,1035.86,6215.16,-0.40689202573839545,1.2798244670621315,High,Medium,8.734907631741955,2023,7,3,4,0,1035.86,False,True,False,False,False,False,False,False,True
2023-11-23,AlphaSys,Sur,WEB-007,Cámaras Web,3,916.39,2749.17,-1.087313473461465,0.9267929592337932,Medium,Small,7.91941800693177,2023,11,4,3,0,916.39,False,True,False,True,False,False,False,False,False
2024-06-11,DataCenter,Norte,IMP-006,Impresoras,4,567.77,2271.08,-0.8605063242204418,-0.10337230618108399,Medium,Small,7.728450990488746,2024,6,2,1,0,567.77,True,False,False,False,True,False,False,False,False
2023-10-01,GammaRed,Centro,MOU-004,Ratones,3,129.72,389.15999999999997,-1.087313473461465,-1.3978014683490232,Low,Small,5.966556911401797,2023,10,4,6,1,129.72,False,False,False,False,False,False,False,True,False
2023-10-25,BetaTech,Norte,WEB-007,Cámaras Web,4,1155.78,4623.12,-0.8605063242204418,1.6341857160683624,Medium,Small,8.43904136157257,2023,10,4,2,0,1155.78,True,False,False,True,False,False,False,False,False
2023-06-13,AlphaSys,Sur,IMP-006,Impresoras,4,919.3,3677.2,-0.8605063242204418,0.9353919521841612,Medium,Small,8.210178781064881,2023,6,2,1,0,919.3,False,True,False,False,True,False,False,False,False
2024-05-25,GammaRed,Centro,ALM-008,Almacenamiento,15,380.62,5709.3,1.634372317430813,-0.6563968871643732,High,Large,8.650026840674464,2024,5,2,5,1,380.62,False,False,False,False,False,False,False,False,False
2023-01-24,DataCenter,Norte,WEB-007,Cámaras Web,9,556.82,5011.38,0.273529421984674,-0.13572934150978813,Medium,Medium,8.519666131178628,2023,1,1,1,0,556.82,True,False,False,True,False,False,False,False,False
2023-09-04,SolucionesYA,Centro,IMP-006,Impresoras,1,74.89,74.89,-1.5409277719435113,-1.5598230434241702,Low,Small,4.3292849234158215,2023,9,3,0,0,74.89,False,False,False,False,True,False,False,False,False
2024-05-21,GammaRed,Centro,AUD-005,Audífonos,9,24.69,222.21,0.273529421984674,-1.7081630592690062,Low,Medium,5.408113032370921,2024,5,2,1,0,24.69,False,False,True,False,False,False,False,False,False
2023-04-21,BetaTech,Norte,TEC-003,Teclados,15,328.4,4926.0,1.634372317430813,-0.8107059634077468,Medium,Large,8.502485562543963,2023,4,2,4,0,328.4,True,False,False,False,False,False,False,False,True
2024-01-10,BetaTech,Norte,IMP-006,Impresoras,1,489.69,489.69,-1.5409277719435113,-0.33409717544731543,Low,Small,6.195812563837865,2024,1,1,2,0,489.69,True,False,False,False,True,False,False,False,False
2024-08-06,SolucionesYA,Centro,IMP-006,Impresoras,9,356.99,3212.91,0.273529421984674,-0.7262230739056775,Medium,Medium,8.07524354341627,2024,8,3,1,0,356.99,False,False,False,False,True,False,False,False,False
2024-01-31,GammaRed,Centro,AUD-005,Audífonos,14,1187.07,16618.98,1.4075651681897898,1.726647052637783,High,Large,9.71836086503928,2024,1,1,2,0,1187.07,False,False,True,False,False,False,False,False,False
2024-11-27,DataCenter,Norte,TEC-003,Teclados,2,481.78,963.56,-1.3141206227024882,-0.35747107037426085,Low,Small,6.871672038809056,2024,11,4,2,0,481.78,True,False,False,False,False,False,False,False,True
2023-12-14,AlphaSys,Sur,TEC-003,Teclados,4,728.92,2915.68,-0.8605063242204418,0.3728227845240031,Medium,Small,7.978201262101673,2023,12,4,3,0,728.92,False,True,False,False,False,False,False,False,True
2024-02-16,TecnoShop,Norte,LAP-001,Laptops,1,177.39,177.39,-1.5409277719435113,-1.256937552904335,Low,Small,5.183972164763176,2024,2,1,4,0,177.39,True,False,False,False,False,True,False,False,False
2023-12-08,GammaRed,Centro,ALM-008,Almacenamiento,3,733.42,2200.2599999999998,-1.087313473461465,0.38612019630292266,Medium,Small,7.696785202673464,2023,12,4,4,0,733.42,False,False,False,False,False,False,False,False,False
2024-06-11,InnovaCorp,Centro,IMP-006,Impresoras,15,741.49,11122.35,1.634372317430813,0.4099668880931186,High,Large,9.316801781428001,2024,6,2,1,0,741.49,False,False,False,False,True,False,False,False,False
2023-06-16,BetaTech,Norte,AUD-005,Audífonos,10,413.6,4136.0,0.5003365712256972,-0.558941633726869,Medium,Medium,8.327726166461412,2023,6,2,4,0,413.6,True,False,True,False,False,False,False,False,False
2024-06-05,GammaRed,Centro,AUD-005,Audífonos,8,981.66,7853.28,0.046722272743650865,1.1196645296360337,High,Medium,8.968813885126373,2024,6,2,2,0,981.66,False,False,True,False,False,False,False,False,False
2024-01-13,AlphaSys,Sur,MON-002,Monitores,7,706.69,4946.83,-0.1800848764973723,0.3071335703361406,Medium,Medium,8.506704375606065,2024,1,1,5,1,706.6899999999999,False,True,False,False,False,False,True,False,False
2024-12-05,TecnoShop,Norte,ALM-008,Almacenamiento,5,1160.98,5804.9,-0.6336991749794186,1.649551614124003,High,Medium,8.666629920874415,2024,12,4,3,0,1160.98,True,False,False,False,False,False,False,False,False
2024-08-15,SolucionesYA,Centro,LAP-001,Laptops,10,584.33,5843.3,0.5003365712256972,-0.05443783083465973,High,Medium,8.673222106255269,2024,8,3,3,0,584.33,False,False,False,False,False,True,False,False,False
2024-06-20,BetaTech,Norte,TEC-003,Teclados,14,821.66,11503.24,1.4075651681897898,0.6468676663855593,High,Large,9.350470942051976,2024,6,2,3,0,821.66,True,False,False,False,False,False,False,False,True
2023-02-02,DataCenter,Norte,MOU-004,Ratones,1,537.63,537.63,-1.5409277719435113,-0.19243541529589206,Low,Small,6.28902887878918,2023,2,1,3,0,537.63,True,False,False,False,False,False,False,True,False
2024-03-04,InnovaCorp,Centro,WEB-007,Cámaras Web,12,256.61,3079.32,0.9539508697077435,-1.022844005987444,Medium,Large,8.03278876667469,2024,3,1,0,0,256.61,False,False,False,True,False,False,False,False,False
2024-05-28,GammaRed,Centro,LAP-001,Laptops,12,178.63,2143.56,0.9539508697077435,-1.2532733772141438,Low,Large,7.670689682115321,2024,5,2,1,0,178.63,False,False,False,False,False,True,False,False,False
2023-08-01,AlphaSys,Sur,ALM-008,Almacenamiento,9,461.54,4153.860000000001,0.273529421984674,-0.4172798735754457,Medium,Medium,8.332034012377719,2023,8,3,1,0,461.5400000000001,False,True,False,False,False,False,False,False,False
2023-06-27,GammaRed,Centro,IMP-006,Impresoras,9,434.83,3913.47,0.273529421984674,-0.49620739993432184,Medium,Medium,8.272435222504576,2023,6,2,1,0,434.83,False,False,False,False,True,False,False,False,False
2024-11-28,MegaStore,Sur,ALM-008,Almacenamiento,4,1149.44,4597.76,-0.8605063242204418,1.6154511403620626,Medium,Small,8.43354198092056,2024,11,4,3,0,1149.44,False,True,False,False,False,False,False,False,False
2023-10-13,MegaStore,Sur,MOU-004,Ratones,5,928.84,4644.2,-0.6336991749794186,0.963582465155471,Medium,Medium,8.443589707371602,2023,10,4,4,0,928.8399999999999,False,True,False,False,False,False,False,True,False
2024-12-22,SolucionesYA,Centro,ALM-008,Almacenamiento,6,583.57,3501.42,-0.40689202573839545,-0.056683615935099456,Medium,Medium,8.161209437122327,2024,12,4,6,1,583.57,False,False,False,False,False,False,False,False,False
2024-07-27,MegaStore,Sur,AUD-005,Audífonos,2,694.57,1389.14,-1.3141206227024882,0.2713192079449171,Low,Small,7.237159740477337,2024,7,3,5,1,694.57,False,True,True,False,False,False,False,False,False
2024-07-10,BetaTech,Norte,WEB-007,Cámaras Web,14,423.98,5935.72,1.4075651681897898,-0.5282689372234946,High,Large,8.688912071292258,2024,7,3,2,0,423.98,True,False,False,True,False,False,False,False,False
2023-05-30,MegaStore,Sur,LAP-001,Laptops,5,1147.05,5735.25,-0.6336991749794186,1.6083887372172583,High,Medium,8.654560965709043,2023,5,2,1,0,1147.05,False,True,False,False,False,True,False,False,False
2023-03-22,AlphaSys,Sur,ALM-008,Almacenamiento,11,318.89,3507.79,0.7271437204667204,-0.8388078269671968,Medium,Large,8.163026527682362,2023,3,1,2,0,318.89,False,True,False,False,False,False,False,False,False
2024-05-05,SolucionesYA,Centro,MOU-004,Ratones,14,653.21,9144.94,1.4075651681897898,0.14910121879466945,High,Large,9.121065343951566,2024,5,2,6,1,653.21,False,False,False,False,False,False,False,True,False
2024-07-29,MegaStore,Sur,TEC-003,Teclados,2,744.58,1489.16,-1.3141206227024882,0.4190977775146435,Low,Small,7.306638775724747,2024,7,3,0,0,744.58,False,True,False,False,False,False,False,False,True
2024-08-23,SolucionesYA,Centro,MOU-004,Ratones,1,808.75,808.75,-1.5409277719435113,0.6087188694820367,Low,Small,6.696725558051439,2024,8,3,4,0,808.75,False,False,False,False,False,False,False,True,False
2024-06-27,SolucionesYA,Centro,MOU-004,Ratones,1,133.73,133.73,-1.5409277719435113,-1.385951996963808,Low,Small,4.903272775767756,2024,6,2,3,0,133.73,False,False,False,False,False,False,False,True,False
2023-12-05,GammaRed,Centro,MON-002,Monitores,11,928.36,10211.960000000001,0.7271437204667204,0.9621640745657195,High,Large,9.231412780993518,2023,12,4,1,0,928.3600000000001,False,False,False,False,False,False,True,False,False
2023-01-06,InnovaCorp,Centro,WEB-007,Cámaras Web,11,1123.01,12353.11,0.7271437204667204,1.5373510085138746,High,Large,9.421744080214909,2023,1,1,4,0,1123.01,False,False,False,True,False,False,False,False,False
2024-05-02,GammaRed,Centro,MOU-004,Ratones,13,1157.24,15044.12,1.1807580189487668,1.638499987445523,High,Large,9.618808965104122,2024,5,2,3,0,1157.24,False,False,False,False,False,False,False,True,False
2023-11-25,MegaStore,Sur,LAP-001,Laptops,15,925.94,13889.1,1.634372317430813,0.9550130220090561,High,Large,9.53893163514652,2023,11,4,5,1,925.94,False,True,False,False,False,True,False,False,False
2024-10-29,SolucionesYA,Centro,LAP-001,Laptops,15,1106.94,16604.100000000002,1.634372317430813,1.4898644735611553,High,Large,9.717465156075159,2024,10,4,1,0,1106.94,False,False,False,False,False,True,False,False,False
2024-03-03,InnovaCorp,Centro,LAP-001,Laptops,14,485.44,6796.16,1.4075651681897898,-0.34665584212740613,High,Large,8.82426015686655,2024,3,1,6,1,485.44,False,False,False,False,False,True,False,False,False
2024-05-22,InnovaCorp,Centro,AUD-005,Audífonos,15,59.4,891.0,1.634372317430813,-1.6055956897476067,Low,Large,6.79346613258001,2024,5,2,2,0,59.4,False,False,True,False,False,False,False,False,False
2023-11-02,DataCenter,Norte,IMP-006,Impresoras,5,553.4,2767.0,-0.6336991749794186,-0.14583537446176723,Medium,Medium,7.92588031673756,2023,11,4,3,0,553.4,True,False,False,False,True,False,False,False,False
2024-10-18,GammaRed,Centro,TEC-003,Teclados,14,612.49,8574.86,1.4075651681897898,0.02877441709742366,High,Large,9.05670655855047,2024,10,4,4,0,612.49,False,False,False,False,False,False,False,False,True
2023-10-07,SolucionesYA,Centro,MON-002,Monitores,6,207.56,1245.3600000000001,-0.40689202573839545,-1.1677857943776675,Low,Medium,7.127982582175323,2023,10,4,5,1,207.56000000000003,False,False,False,False,False,False,True,False,False
2024-04-14,MegaStore,Sur,TEC-003,Teclados,1,887.89,887.89,-1.5409277719435113,0.8425760179673025,Low,Small,6.789973493324973,2024,4,2,6,1,887.89,False,True,False,False,False,False,False,False,True
2023-10-30,SolucionesYA,Centro,TEC-003,Teclados,10,1029.53,10295.3,0.5003365712256972,1.2611194411597848,High,Medium,9.23953988638061,2023,10,4,0,0,1029.53,False,False,False,False,False,False,False,False,True
2024-02-20,BetaTech,Norte,IMP-006,Impresoras,2,489.99,979.98,-1.3141206227024882,-0.3332106813287208,Low,Small,6.888552071997701,2024,2,1,1,0,489.99,True,False,False,False,True,False,False,False,False
2023-04-08,InnovaCorp,Centro,TEC-003,Teclados,8,398.47,3187.76,0.046722272743650865,-0.6036504871079921,Medium,Medium,8.067387405476191,2023,4,2,5,1,398.47,False,False,False,False,False,False,False,False,True
2023-09-12,TecnoShop,Norte,AUD-005,Audífonos,7,294.09,2058.6299999999997,-0.1800848764973723,-0.9120913407710204,Low,Medium,7.630281634001037,2023,9,3,1,0,294.09,True,False,True,False,False,False,False,False,False
2023-10-01,AlphaSys,Sur,AUD-005,Audífonos,10,871.62,8716.2,0.5003365712256972,0.7944984869355199,High,Medium,9.073053364421655,2023,10,4,6,1,871.6200000000001,False,True,True,False,False,False,False,False,False
2023-01-12,MegaStore,Sur,IMP-006,Impresoras,12,295.02,3540.24,0.9539508697077435,-0.909343209003377,Medium,Large,8.172232227279109,2023,1,1,3,0,295.02,False,True,False,False,True,False,False,False,False
2024-11-14,DataCenter,Norte,ALM-008,Almacenamiento,5,204.26,1021.3,-0.6336991749794186,-1.1775372296822084,Low,Medium,6.929810269762968,2024,11,4,3,0,204.26,True,False,False,False,False,False,False,False,False
2024-12-03,MegaStore,Sur,MON-002,Monitores,11,1100.61,12106.71,0.7271437204667204,1.471159447658808,High,Large,9.40159771874807,2024,12,4,1,0,1100.61,False,True,False,False,False,False,True,False,False
2023-10-30,AlphaSys,Sur,MOU-004,Ratones,4,1149.47,4597.88,-0.8605063242204418,1.6155397897739219,Medium,Small,8.433568074570672,2023,10,4,0,0,1149.47,False,True,False,False,False,False,False,True,False
2024-05-04,InnovaCorp,Centro,ALM-008,Almacenamiento,12,1186.77,14241.24,0.9539508697077435,1.7257605585191886,High,Large,9.563967475965875,2024,5,2,5,1,1186.77,False,False,False,False,False,False,False,False,False
2024-01-18,BetaTech,Norte,ALM-008,Almacenamiento,13,651.96,8475.48,1.1807580189487668,0.14540749330052513,High,Large,9.045050548270822,2024,1,1,3,0,651.9599999999999,True,False,False,False,False,False,False,False,False
2024-11-11,SolucionesYA,Centro,MOU-004,Ratones,11,909.37,10003.07,0.7271437204667204,0.9060489968586788,High,Large,9.210747289174149,2024,11,4,0,0,909.37,False,False,False,False,False,False,False,True,False
2023-03-25,GammaRed,Centro,IMP-006,Impresoras,2,1101.93,2203.86,-1.3141206227024882,1.475060021780625,Medium,Small,7.698419293801748,2023,3,1,5,1,1101.93,False,False,False,False,True,False,False,False,False
2023-04-25,TecnoShop,Norte,MOU-004,Ratones,10,650.94,6509.400000000001,0.5003365712256972,0.1423934132973034,High,Medium,8.781156177247425,2023,4,2,1,0,650.94,True,False,False,False,False,False,False,True,False
2023-06-18,AlphaSys,Sur,ALM-008,Almacenamiento,2,821.15,1642.3,-1.3141206227024882,0.6453606263839484,Low,Small,7.404461694187244,2023,6,2,6,1,821.15,False,True,False,False,False,False,False,False,False
2024-08-20,GammaRed,Centro,MON-002,Monitores,15,619.79,9296.849999999999,1.634372317430813,0.05034577398322642,High,Large,9.137538469618786,2024,8,3,1,0,619.7899999999998,False,False,False,False,False,False,True,False,False
2023-02-26,GammaRed,Centro,TEC-003,Teclados,9,507.28,4565.5199999999995,0.273529421984674,-0.28211907029371647,Medium,Medium,8.42650670584403,2023,2,1,6,1,507.28,False,False,False,False,False,False,False,False,True
2024-07-31,TecnoShop,Norte,ALM-008,Almacenamiento,11,971.19,10683.09,0.7271437204667204,1.0887258848970809,High,Large,9.276510998005678,2024,7,3,2,0,971.19,True,False,False,False,False,False,False,False,False
2023-01-23,BetaTech,Norte,AUD-005,Audífonos,14,18.57,259.98,1.4075651681897898,-1.726247539288337,Low,Large,5.564443776034101,2023,1,1,0,0,18.57,True,False,True,False,False,False,False,False,False
2023-08-12,DataCenter,Norte,LAP-001,Laptops,7,423.27,2962.89,-0.1800848764973723,-0.5303669733041686,Medium,Medium,7.9942578737165135,2023,8,3,5,1,423.27,True,False,False,False,False,True,False,False,False
2023-03-07,TecnoShop,Norte,MON-002,Monitores,15,574.4,8616.0,1.634372317430813,-0.08378078616014248,High,Large,9.061492275239766,2023,3,1,1,0,574.4,True,False,False,False,False,False,True,False,False
2023-10-21,BetaTech,Norte,TEC-003,Teclados,13,175.48,2281.24,1.1807580189487668,-1.2625815654593875,Medium,Large,7.732912695794666,2023,10,4,5,1,175.48,True,False,False,False,False,False,False,False,True
2024-10-18,BetaTech,Norte,IMP-006,Impresoras,15,468.24,7023.6,1.634372317430813,-0.3974815049268321,High,Large,8.857173553079052,2024,10,4,4,0,468.24,True,False,False,False,True,False,False,False,False
2024-01-22,BetaTech,Norte,MON-002,Monitores,11,1157.51,12732.61,0.7271437204667204,1.6392978321522582,High,Large,9.452000233439204,2024,1,1,0,0,1157.51,True,False,False,False,False,False,True,False,False
2024-07-06,InnovaCorp,Centro,IMP-006,Impresoras,2,226.49,452.98,-1.3141206227024882,-1.1118480154943458,Low,Small,6.118053144207556,2024,7,3,5,1,226.49,False,False,False,False,True,False,False,False,False
2024-07-04,BetaTech,Norte,TEC-003,Teclados,12,1174.79,14097.48,0.9539508697077435,1.6903598933833093,High,Large,9.553822269136829,2024,7,3,3,0,1174.79,True,False,False,False,False,False,False,False,True
2023-01-04,TecnoShop,Norte,AUD-005,Audífonos,8,813.1,6504.8,0.046722272743650865,0.6215730342016591,High,Medium,8.780449365706192,2023,1,1,2,0,813.1,True,False,True,False,False,False,False,False,False
2024-07-11,BetaTech,Norte,WEB-007,Cámaras Web,14,287.15,4020.0999999999995,1.4075651681897898,-0.9325989047145097,Medium,Large,8.299310776023498,2024,7,3,3,0,287.15,True,False,False,True,False,False,False,False,False
2024-04-16,AlphaSys,Sur,TEC-003,Teclados,5,238.35,1191.75,-0.6336991749794186,-1.0768019480059041,Low,Medium,7.084016844396216,2024,4,2,1,0,238.35,False,True,False,False,False,False,False,False,True
2023-04-26,TecnoShop,Norte,WEB-007,Cámaras Web,10,922.77,9227.7,0.5003365712256972,0.9456457341559059,High,Medium,9.130073472506878,2023,4,2,2,0,922.7700000000001,True,False,False,True,False,False,False,False,False
2023-01-17,SolucionesYA,Centro,MOU-004,Ratones,2,134.56,269.12,-1.3141206227024882,-1.3834993632356964,Low,Small,5.598866304706641,2023,1,1,1,0,134.56,False,False,False,False,False,False,False,True,False
2023-02-04,GammaRed,Centro,LAP-001,Laptops,4,892.54,3570.16,-0.8605063242204418,0.8563166768055194,Medium,Small,8.180645751967363,2023,2,1,5,1,892.54,False,False,False,False,False,True,False,False,False
2024-02-16,GammaRed,Centro,MOU-004,Ratones,9,272.46,2452.14,0.273529421984674,-0.9760075667216939,Medium,Medium,7.80512411560176,2024,2,1,4,0,272.46,False,False,False,False,False,False,False,True,False
2023-02-27,InnovaCorp,Centro,AUD-005,Audífonos,4,981.71,3926.84,-0.8605063242204418,1.1198122786557996,Medium,Small,8.275844935447182,2023,2,1,0,0,981.71,False,False,True,False,False,False,False,False,False
2024-08-12,AlphaSys,Sur,IMP-006,Impresoras,4,372.59,1490.36,-0.8605063242204418,-0.6801253797387564,Low,Small,7.307443734312847,2024,8,3,0,0,372.59,False,True,False,False,True,False,False,False,False
2023-05-27,SolucionesYA,Centro,WEB-007,Cámaras Web,5,341.06,1705.3,-0.6336991749794186,-0.7732959116030529,Low,Medium,7.442082562533219,2023,5,2,5,1,341.06,False,False,False,True,False,False,False,False,False
2024-07-24,InnovaCorp,Centro,WEB-007,Cámaras Web,9,602.31,5420.789999999999,0.273529421984674,-0.0013072833268879581,Medium,Medium,8.598181298213007,2024,7,3,2,0,602.31,False,False,False,True,False,False,False,False,False
2023-12-19,BetaTech,Norte,IMP-006,Impresoras,12,508.34,6100.08,0.9539508697077435,-0.2789867910746821,High,Large,8.716221083670375,2023,12,4,1,0,508.34,True,False,False,False,True,False,False,False,False
2023-06-02,MegaStore,Sur,WEB-007,Cámaras Web,3,908.98,2726.94,-1.087313473461465,0.9048965545045058,Medium,Small,7.911302024586581,2023,6,2,4,0,908.98,False,True,False,True,False,False,False,False,False
2024-04-29,SolucionesYA,Centro,MOU-004,Ratones,5,1031.19,5155.950000000001,-0.6336991749794186,1.2660247086160088,Medium,Medium,8.548100598444524,2024,4,2,0,0,1031.19,False,False,False,False,False,False,False,True,False
2023-05-28,GammaRed,Centro,LAP-001,Laptops,9,504.02,4536.18,0.273529421984674,-0.29175230638244487,Medium,Medium,8.420060952670235,2023,5,2,6,1,504.02000000000004,False,False,False,False,False,True,False,False,False
2024-03-02,InnovaCorp,Centro,WEB-007,Cámaras Web,4,317.17,1268.68,-0.8605063242204418,-0.8438903932471393,Low,Small,7.146520179199303,2024,3,1,5,1,317.17,False,False,False,True,False,False,False,False,False
2023-12-05,DataCenter,Norte,ALM-008,Almacenamiento,14,454.73,6366.22,1.4075651681897898,-0.437403290067544,High,Large,8.758918232584834,2023,12,4,1,0,454.73,True,False,False,False,False,False,False,False,False
2024-07-02,SolucionesYA,Centro,LAP-001,Laptops,5,461.94,2309.7,-0.6336991749794186,-0.41609788141731957,Medium,Medium,7.745305787914461,2024,7,3,1,0,461.93999999999994,False,False,False,False,False,True,False,False,False
2024-09-11,TecnoShop,Norte,MON-002,Monitores,4,968.51,3874.04,-0.8605063242204418,1.0808065374376352,Medium,Small,8.262311264314816,2024,9,3,2,0,968.51,True,False,False,False,False,False,True,False,False
2024-08-24,SolucionesYA,Centro,ALM-008,Almacenamiento,4,1045.33,4181.32,-0.8605063242204418,1.307808131405769,Medium,Small,8.338621395473437,2024,8,3,5,1,1045.33,False,False,False,False,False,False,False,False,False
2023-12-07,MegaStore,Sur,LAP-001,Laptops,4,1125.53,4502.12,-0.8605063242204418,1.5447975591100696,Medium,Small,8.412525768847228,2023,12,4,3,0,1125.53,False,True,False,False,False,True,False,False,False
2023-05-01,GammaRed,Centro,MOU-004,Ratones,12,731.22,8774.64,0.9539508697077435,0.37961923943322884,High,Large,9.079734980147412,2023,5,2,0,0,731.2199999999999,False,False,False,False,False,False,False,True,False
2023-07-29,BetaTech,Norte,MOU-004,Ratones,9,396.11,3564.9900000000002,0.273529421984674,-0.6106242408409366,Medium,Medium,8.179196994156674,2023,7,3,5,1,396.11,True,False,False,False,False,False,False,True,False
2023-10-17,BetaTech,Norte,ALM-008,Almacenamiento,9,783.73,7053.57,0.273529421984674,0.5347852599912438,High,Medium,8.86143091274833,2023,10,4,1,0,783.73,True,False,False,False,False,False,False,False,False
2023-11-12,MegaStore,Sur,IMP-006,Impresoras,9,1061.13,9550.170000000002,0.273529421984674,1.354496821651754,High,Medium,9.164418939059665,2023,11,4,6,1,1061.13,False,True,False,False,True,False,False,False,False
2024-04-22,DataCenter,Norte,ALM-008,Almacenamiento,13,1010.08,13131.04,1.1807580189487668,1.2036450724708994,High,Large,9.48281032461136,2024,4,2,0,0,1010.08,True,False,False,False,False,False,False,False,False
2023-07-28,AlphaSys,Sur,IMP-006,Impresoras,7,69.17,484.19,-0.1800848764973723,-1.5767255312853747,Low,Medium,6.184540566799797,2023,7,3,4,0,69.17,False,True,False,False,True,False,False,False,False
2023-08-15,InnovaCorp,Centro,LAP-001,Laptops,5,670.67,3353.35,-0.6336991749794186,0.20069517649687724,Medium,Medium,8.118013289950087,2023,8,3,1,0,670.67,False,False,False,False,False,True,False,False,False
2024-08-21,BetaTech,Norte,AUD-005,Audífonos,3,247.49,742.47,-1.087313473461465,-1.049793427192721,Low,Small,6.611328415388762,2024,8,3,2,0,247.49,True,False,True,False,False,False,False,False,False
2023-08-24,BetaTech,Norte,MOU-004,Ratones,8,667.51,5340.08,0.046722272743650865,0.19135743844768047,Medium,Medium,8.583183158696047,2023,8,3,3,0,667.51,True,False,False,False,False,False,False,True,False
2024-12-02,AlphaSys,Sur,AUD-005,Audífonos,13,988.59,12851.67,1.1807580189487668,1.14014254377557,High,Large,9.461306850840822,2024,12,4,0,0,988.59,False,True,True,False,False,False,False,False,False
2024-10-19,GammaRed,Centro,ALM-008,Almacenamiento,3,883.34,2650.02,-1.087313473461465,0.8291308571686173,Medium,Small,7.882699750583464,2024,10,4,5,1,883.34,False,False,False,False,False,False,False,False,False
2023-12-27,InnovaCorp,Centro,TEC-003,Teclados,12,662.66,7951.92,0.9539508697077435,0.1770257835304004,High,Large,8.981294435809346,2023,12,4,2,0,662.66,False,False,False,False,False,False,False,False,True
2023-07-08,TecnoShop,Norte,LAP-001,Laptops,14,1018.34,14256.76,1.4075651681897898,1.228053210536205,High,Large,9.565056598880552,2023,7,3,5,1,1018.34,True,False,False,False,False,True,False,False,False
2024-11-15,TecnoShop,Norte,LAP-001,Laptops,7,177.93,1245.51,-0.1800848764973723,-1.2553418634908646,Low,Medium,7.128102925394328,2024,11,4,4,0,177.93,True,False,False,False,False,True,False,False,False
2024-10-07,SolucionesYA,Centro,MON-002,Monitores,12,193.97,2327.64,0.9539508697077435,-1.2079439779500045,Medium,Large,7.753039685158722,2024,10,4,0,0,193.97,False,False,False,False,False,False,True,False,False
2023-08-12,GammaRed,Centro,IMP-006,Impresoras,1,747.13,747.13,-1.5409277719435113,0.4266329775226978,Low,Small,6.617576759665008,2023,8,3,5,1,747.13,False,False,False,False,True,False,False,False,False
2024-11-13,GammaRed,Centro,ALM-008,Almacenamiento,1,22.84,22.84,-1.5409277719435113,-1.71362977300034,Low,Small,3.171364842197149,2024,11,4,2,0,22.84,False,False,False,False,False,False,False,False,False
2024-07-18,BetaTech,Norte,LAP-001,Laptops,1,642.36,642.36,-1.5409277719435113,0.1170396815054966,Low,Small,6.466704443148964,2024,7,3,3,0,642.36,True,False,False,False,False,True,False,False,False
2023-10-09,MegaStore,Sur,LAP-001,Laptops,9,978.59,8807.31,0.273529421984674,1.1105927398224154,High,Medium,9.083450873060197,2023,10,4,0,0,978.5899999999999,False,True,False,False,False,True,False,False,False
2024-11-21,BetaTech,Norte,TEC-003,Teclados,2,1102.89,2205.78,-1.3141206227024882,1.4778968029601278,Medium,Small,7.699289718460705,2024,11,4,3,0,1102.89,True,False,False,False,False,False,False,False,True
2024-06-20,InnovaCorp,Centro,MOU-004,Ratones,4,749.44,2997.76,-0.8605063242204418,0.4334589822358767,Medium,Small,8.005954148871146,2024,6,2,3,0,749.44,False,False,False,False,False,False,False,True,False
